"DAILY WEATHER REPORTS  (1861-1881)",,,,,,,,,,,,,,,
,,,,,,,,,,,,,,,
1861,January,February,March,April,May,June,July,August,September,October,November,December,,,
,,,,,,,,,,,,,,,
1,29.59,29.73,29.25,29.94,30.16,29.75,30.03,29.82,-9999,29.51,29.3,-9999,"1 August 1861 - The first ""forecast"" for the general public  Reputedly Robert Fitzroy coined the word ""forecast"".",,
2,30.23,30.37,29.54,29.92,30.35,-9999,29.73,29.73,29.71,29.64,29.35,30.28,"The first storm warning had been issued in February 1861.",,
3,30.33,-9999,-9999,29.86,29.99,30.1,-9999,29.32,29.49,30.12,-9999,29.99,,,
4,30.21,29.24,29.67,29.85,30.3,30.09,-9999,-9999,29.53,30.22,29.61,30,,,
5,30.15,29.35,29.76,29.9,-9999,30.04,-9999,29.53,29.83,29.91,29.35,29.55,,,
6,-9999,20.04,28.99,30.16,30.13,30.18,29.37,29.65,29.53,-9999,29.38,29.56,,,
7,30.19,28.92,29.71,-9999,30.08,30.13,-9999,29.72,29.63,29.96,29.19,28.99,,,
8,-9999,29.69,29.5,30.48,29.92,30.04,29.73,29.27,-9999,29.65,29.41,-9999,,,
9,29.99,30.12,30.012,30.53,29.61,-9999,29.77,29.6,29.75,29.68,29.51,29.44,,,
10,30.27,-9999,-9999,30.29,29.81,29.79,29.68,29.87,29.93,29.95,-9999,29.65,,,
11,30.05,30.27,28.92,30.36,29.89,29.84,29.59,-9999,29.93,29.33,29.11,29.65,,,
12,29.69,29.75,29.11,30.5,-9999,29.73,29.58,29.45,29.98,29.39,29.46,29.36,,,
13,-9999,29.62,29.81,30.39,30.16,30.09,29.78,29.71,29.78,-9999,29.71,29.19,,,
14,29.06,29.89,29.93,-9999,30.31,30.25,-9999,29.98,29.15,29.79,29.41,29.47,,,
15,30.31,29.54,29.62,30.43,30.25,30.25,29.68,29.48,-9999,30.18,29.51,-9999,,,
16,30.39,29.44,29.56,30.44,30.14,-9999,29.53,29.62,29.9,30.29,29.75,30.11,,,
17,30.39,-9999,-9999,30.42,30.19,30.19,29.58,29.71,30.08,30.33,-9999,29.98,,,
18,30.21,29.69,28.8,30.26,30.3,30.14,29.33,-9999,30.1,30.22,30.22,30.06,,,
19,30.01,29.6,28.79,30.32,-9999,30.1,29.38,29.54,30.08,29.93,29.89,30.5,,,
20,-9999,29.46,29.34,30.23,30.24,29.94,29.53,29.63,29.61,-9999,29.77,30.46,,,
21,30.09,28.97,28.87,-9999,30.17,29.96,-9999,29.99,29.66,29.84,29.41,30.36,,,
22,30.16,29.01,29.35,29.86,30.06,29.94,29.58,30.07,-9999,29.81,29.08,-9999,,,
23,29.99,29.52,29.36,29.85,29.88,-9999,29.33,29.73,28.93,29.87,29.25,30.48,,,
24,29.69,-9999,-9999,29.91,29.84,29.65,29.63,29.64,29.09,29.79,-9999,30.43,,,
25,29.43,30.31,29.7,29.79,29.42,29.69,29.33,-9999,29.37,30.1,29.09,-9999,,,
26,29.79,30.03,29.45,30.06,-9999,29.63,29.5,29.99,29.61,30.38,29.14,30.32,,,
27,-9999,29.72,29.43,30.19,29.81,29.78,29.58,30.02,29.83,-9999,29.47,30.59,,,
28,29.95,29.49,29.45,-9999,30.14,29.78,-9999,29.88,29.53,30.36,29.66,30.54,,,
29,29.97,,29.51,30.12,29.92,29.67,29.83,29.63,-9999,30.2,29.35,-9999,,,
30,29.82,,29.45,30.15,29.88,,29.43,29.68,29.95,29.94,29.32,30.56,,,
31,29.76,,,,29.93,,29.6,30.12,,29.63,,30.41,,,
,,,,,,,,,,,,,,,
,,,,,,,,,,,,,,,
,,,,,,,,,,,,,,,
1862,January,February,March,April,May,June,July,August,September,October,November,December,,,
,,,,,,,,,,,,,,,
1,30.43,29.74,30.24,29.6,29.94,-9999,29.66,29.83,30.12,29.74,29.82,29.84,,,
2,30.43,-9999,-9999,29.2,30.13,29.99,29.52,29.73,-9999,29.69,-9999,29.8,,,
3,29.98,29.81,29.29,29.4,30.25,29.9,29.61,-9999,29.46,29.88,29.96,29.83,,,
4,29.86,29.81,29.48,30.06,-9999,29.81,29.68,29.93,29.53,30.35,29.84,29.88,,,
5,-9999,29.76,29.57,29.84,29.94,29.67,29.77,29.52,29.87,-9999,30.15,29.94,,,
6,29.98,30,29.23,-9999,30.08,29.54,29.54,29.34,29.88,29.99,30,29.67,,,
7,29.87,30.42,29.09,30.26,29.93,29.07,29.47,29.41,-9999,30.09,30.21,-9999,,,
8,29.3,30.63,29.46,30.33,29.5,-9999,29.91,29.33,29.89,30.28,30,29.79,,,
9,29.31,-9999,-9999,30.28,29.47,29.86,29.73,29.69,29.95,30.36,-9999,29.83,,,
10,29.19,30.39,29.58,30.23,29.4,29.89,29.54,-9999,29.91,30.24,28.88,29.37,,,
11,29.28,30.15,29.71,30.39,-9999,29.64,29.77,30.06,30.02,29.93,29.21,29.55,,,
12,-9999,30.13,29.54,30.23,29.58,29.28,29.35,29.98,29.83,-9999,29.92,29.99,,,
13,29.71,30.15,30.23,-9999,29.99,29.2,-9999,29.71,29.48,29.37,29.98,29.62,,,
14,29.68,30.15,30.39,30.06,29.99,29.3,29.52,29.66,-9999,29.52,29.88,-9999,,,
15,29.86,30.2,30.36,30.19,30.18,-9999,29.46,29.83,30.13,29.57,30.17,30.02,,,
16,29.91,-9999,-9999,29.72,30,29.99,29.45,29.94,30.38,29.61,-9999,29.88,,,
17,29.89,29.67,30.04,29.43,30.04,30.02,29.67,-9999,30.44,29.05,30.43,30.07,,,
18,29.87,29.38,29.85,-9999,-9999,29.97,29.51,29.91,30.35,29.12,30.34,29.8,,,
19,-9999,29.47,29.83,29.26,29.95,29.92,29.52,29.63,30.48,-9999,30.46,29.16,,,
20,29.79,29.31,29.78,-9999,29.7,29.73,-9999,29.93,30.31,28.59,30.43,29.25,,,
21,29.72,29.74,29.8,29.87,29.42,29.6,29.94,29.91,-9999,29.2,30.31,-9999,,,
22,29.56,29.8,29.92,29.5,29.4,29.57,30.09,29.77,30.35,28.76,30.03,30.07,,,
23,29.41,-9999,-9999,29.25,29.51,29.78,29.92,29.94,30.2,28.67,-9999,29.96,,,
24,29.19,30.4,29.76,29.7,29.63,29.78,29.75,-9999,30.09,29.33,29.86,29.9,,,
25,29.44,30.45,29.75,29.85,-9999,30.12,29.39,30.27,29.93,29.46,29.94,-9999,,,
26,-9999,30.62,29.73,30,29.75,29.87,29.99,30.1,29.82,-9999,29.78,29.7,,,
27,29.96,30.54,29.55,-9999,29.74,29.63,-9999,30.12,29.81,29.17,29.37,30.17,,,
28,29.57,30.32,29.43,30,29.77,29.85,29.77,30.1,-9999,29.37,29.69,-9999,,,
29,29.3,,29.34,30.23,29.86,29.77,30.01,30.2,29.84,29.84,29.9,29.07,,,
30,29.37,,-9999,30.16,29.73,29.67,30.06,30.21,29.51,29.89,-9999,29.25,,,
31,29.39,,29.52,,29.82,,29.76,,,29.8,,29.81,,,
,,,,,,,,,,,,,,,
,,,,,,,,,,,,,,,
,,,,,,,,,,,,,,,
1863,"January ",February,March,April,May,June,July,August,September,October,November,December,,,
,,,,,,,,,,,,,,,
1,29.25,-9999,-9999,30.04,30.17,30.12,30.17,30.2,29.82,29.26,-9999,29.68,,,
2,28.99,29.25,29.63,30.03,30.15,30.04,29.84,-9999,29.47,29.36,29.18,29.22,,,
3,29.27,29.3,29.62,-9999,-9999,29.82,30.09,29.87,29.71,29.54,29.5,28.95,,,
4,-9999,29.6,29.66,29.59,29.49,29.74,30.22,29.73,29.82,-9999,29.37,29.87,,,
5,28.96,29.72,29.66,29.24,29.55,29.81,-9999,29.65,29.57,29.73,29.95,29.34,,,
6,29.01,29.79,29.48,-9999,29.86,29.42,30.36,29.6,-9999,29.93,30.4,-9999,,,
7,29.21,29.77,29.22,29.22,30.12,-9999,30,29.81,29.1,30.15,30.18,29.47,,,
8,29.66,-9999,-9999,29.42,30.22,29.42,29.97,29.68,29.56,30.01,-9999,29.34,,,
9,29.9,29.95,29.6,29.38,30.04,29.6,30.21,-9999,29.59,29.81,30.38,29.78,,,
10,30.05,29.73,29.53,29.84,-9999,29.62,30.27,29.93,29.82,29.65,29.48,29.71,,,
11,-9999,29.83,29.71,29.7,29.83,29.43,30.41,29.75,30.08,-9999,29.25,29.89,,,
12,29.96,29.93,29.43,-9999,29.24,29.62,-9999,29.97,29.95,29.53,29.85,29.52,,,
13,29.79,30.63,29.43,30.1,29.31,29.8,30.45,30.03,-9999,29.4,29.78,-9999,,,
14,30.22,30.63,29.38,30.03,29.4,-9999,30.32,30.13,30.14,29.42,29.88,30.19,,,
15,30.44,-9999,-9999,29.99,29.44,29.9,30.16,29.58,29.81,29.64,-9999,30.09,,,
16,30.4,30.48,30.01,29.97,29.61,29.93,30.23,-9999,29.67,29.47,29.79,29.25,,,
17,30.05,30.28,30.25,30.03,-9999,29.83,29.98,29.41,29.87,29.73,29.88,29.86,,,
18,-9999,30.26,29.99,30.25,30,29.91,29.67,29.56,29.75,-9999,29.92,30.18,,,
19,28.86,30.51,30.02,-9999,30.31,29.84,-9999,29.71,29.23,29.73,29.92,30.28,,,
20,28.45,30.38,29.39,29.67,30.38,29.86,29.74,29.88,-9999,29.88,29.91,-9999,,,
21,29.08,30.07,30.02,29.57,30.42,-9999,29.76,30.12,28.87,30.08,29.51,29.91,,,
22,29.15,-9999,-9999,29.18,30.25,29.87,29.61,29.96,28.74,30.03,-9999,29.83,,,
23,28.76,30.03,30.07,29.87,30.05,29.82,29.69,-9999,29.1,30.16,29.7,29.46,,,
24,29.13,30.26,30.24,30.22,-9999,30.01,29.85,29.63,29.38,30.15,29.72,29.93,,,
25,-9999,30.06,30.3,29.93,30.08,29.95,29.9,29.46,29.54,-9999,29.73,-9999,,,
26,29.6,29.81,29.96,-9999,30.12,30.02,-9999,29.36,29.8,30.09,30.1,-9999,,,
27,29.55,29.78,29.95,29.67,30.18,29.6,30.1,29.45,-9999,29.87,30.14,-9999,,,
28,30.23,30.17,29.64,29.37,30.05,-9999,30.03,29.71,29.48,29.42,30.17,30.23,,,
29,29.14,,-9999,29.93,29.86,29.81,30.08,29.57,29.63,29.25,-9999,29.78,,,
30,29,,29.96,30.23,30.13,30.06,30.23,-9999,29.67,28.87,30.19,30.01,,,
31,29.3,,30.08,,,,30.3,29.91,,28.71,,30.07,,,
,,,,,,,,,,,,,,,
,,,,,,,,,,,,,,,
,,,,,,,,,,,,,,,
1864,"January ",February,March,April,May,June,July,August,September,October,November,December,,,
,,,,,,,,,,,,,,,
1,30.21,29.75,30,29.28,-9999,29.65,29.76,29.68,29.59,30.19,30.36,29.69,,,
2,30.55,29.71,29.87,29.62,29.6,29.82,29.55,29.93,29.59,30.39,30.29,30.18,,,
3,-9999,29.61,29.77,-9999,29.76,29.92,-9999,30.09,29.59,30.53,30.24,29.91,,,
4,30.65,30.06,29.8,29.92,29.84,29.8,29.83,29.8,-9999,30.44,30.2,29.71,,,
5,30.64,30.36,29.67,30.28,29.84,-9999,29.83,29.96,29.27,30.34,30.43,29.66,,,
6,30.3,30.35,-9999,30.22,29.83,29.77,30.14,29.86,29.78,30.32,30.71,29.68,,,
7,30.24,-9999,29.08,30.17,29.73,29.79,30.18,-9999,29.78,30.38,30.25,29.52,,,
8,30.12,29.87,29.36,30.16,-9999,29.83,30.21,29.56,29.51,30.36,30.22,29.54,,,
9,29.87,29.68,29.36,30.24,29.98,29.82,30.2,29.73,29.22,30.38,30.25,29.6,,,
10,-9999,29.59,29.4,-9999,30.15,29.85,-9999,29.84,29.74,30.38,30.1,29.76,,,
11,30.02,29.77,29.08,29.92,30.18,29.68,30.33,30.28,-9999,30.32,29.99,29.35,,,
12,29.92,29.1,29.65,29.95,30.17,-9999,30.27,30.26,29.86,30.2,29.85,29.41,,,
13,30.27,29,-9999,30.11,30.17,29.65,30.16,30.29,29.74,29.97,29.33,29.68,,,
14,30.36,-9999,29.55,29.89,30.14,29.45,30.12,-9999,29.28,30.07,28.73,29.96,,,
15,30.17,29.42,29.57,29.75,-9999,29.46,30.15,30.53,29.47,30.1,28.95,29.99,,,
16,30.22,29.29,30.14,29.81,30.19,29.69,30.11,30.24,29.34,29.45,29.34,30.1,,,
17,-9999,30.02,29.96,-9999,30.18,29.77,-9999,30.23,29.28,29.23,29.36,30.21,,,
18,30.01,30.34,29.91,29.93,30.23,29.79,30.09,30.01,-9999,29.32,28.81,29.98,,,
19,29.96,30.56,29.8,29.7,30.3,-9999,30.05,29.77,29.5,29.39,29.63,30.01,,,
20,30.07,30.3,-9999,29.85,30.06,29.84,29.94,29.79,29.78,28.64,29.58,29.96,,,
21,29.7,-9999,29.93,30.04,30.01,29.7,29.69,-9999,29.48,29.61,29.69,30.26,,,
22,29.23,29.88,29.86,30.32,-9999,29.81,29.61,30.01,29.54,29.59,29.44,30.48,,,
23,29.28,30.01,29.94,30.29,30.07,29.85,29.78,29.99,29.71,29.33,29.3,30.57,,,
24,-9999,30.12,29.82,-9999,30.27,29.88,-9999,30.07,29.95,29.41,29.51,30.53,,,
25,30.13,30.11,-9999,30.23,29.94,29.83,29.5,30.19,-9999,29.65,29.06,30.37,,,
26,29.87,30.04,29.63,30.27,30.1,-9999,29.64,30.34,30.25,29.67,28.77,30.24,,,
27,29.65,29.97,-9999,30.32,29.89,30.12,29.88,30.2,30.26,29.69,29.42,30.15,,,
28,29.7,-9999,29.01,30.23,30.01,29.96,29.65,-9999,30.25,29.82,29.28,30.12,,,
29,30.28,29.85,29.39,30.08,-9999,29.86,29.8,29.93,30.07,29.99,29.97,29.93,,,
30,29.98,,29.39,30.13,29.77,29.58,29.79,29.73,30.19,30.14,29.52,29.56,,,
31,-9999,,29.41,,29.66,,,29.47,,30.29,,29.87,,,
,,,,,,,,,,,,,,,
,,,,,,,,,,,,,,,
,,,,,,,,,,,,,,,
1865,January,February,March,April,May,June,July,August,September,October,November,December,,,
,,,,,,,,,,,,,,,
1,-9999,28.88,29.29,29.96,29.73,30.03,29.81,29.67,29.8,-9999,29.83,30.1,,,
2,29.36,29,29.52,-9999,29.63,29.84,-9999,29.63,29.88,30.16,29.84,29.92,,,
3,29.38,29.22,30.03,29.8,29.67,29.74,29.94,29.83,-9999,30.27,29.88,-9999,,,
4,29.28,29.68,29.76,29.84,29.59,-9999,29.94,29.97,29.91,30.32,30.13,29.58,,,
5,29.72,-9999,-9999,29.88,29.8,30.05,29.76,29.99,29.81,30.14,-9999,29.56,,,
6,29.32,29.91,29.08,29.86,29.83,30.07,29.86,-9999,29.85,30.07,30.38,29.9,,,
7,29.86,29.77,29.45,29.86,-9999,30.39,29.55,29.74,29.86,30.03,30.32,29.8,,,
8,-9999,30.06,29.68,29.88,30.02,30.29,29.54,29.93,29.8,-9999,30.34,30.29,,,
9,29.19,30.42,29.97,-9999,29.94,30.26,-9999,29.83,29.71,29.62,30.1,30.19,,,
10,29.18,30.55,29.41,30.09,29.64,30.09,29.77,29.69,-9999,29.64,30.1,-9999,,,
11,29.4,30.45,30.02,30.16,29.7,-9999,29.68,29.49,30.15,29.53,29.88,30.75,,,
12,28.97,-9999,-9999,30.07,29.88,30.34,29.86,29.64,30.31,29.5,-9999,30.6,,,
13,28.71,30.48,29.86,29.84,29.95,30.42,29.54,-9999,30.1,29.76,30.46,30.36,,,
14,28.24,30.39,30.06,-9999,-9999,30.38,29.52,29.54,30.29,29.91,30.12,30.22,,,
15,-9999,29.87,30.05,30.21,29.46,30.4,29.68,29.55,30.12,-9999,29.93,30.65,,,
16,28.81,29.26,29.96,-9999,29.48,30.52,-9999,29.35,29.96,29.79,30.15,30.46,,,
17,29.1,29.09,30,30.04,29.54,30.45,29.93,29.54,-9999,29.47,29.44,30.51,,,
18,29.34,29.26,30.16,29.98,29.84,-9999,29.82,29.79,30.34,29.35,29.93,30.42,,,
19,29.62,-9999,-9999,30.39,29.96,30.34,29.66,29.9,30.38,29.36,-9999,30.14,,,
20,29.55,29.98,30.31,30.31,30.21,30.32,29.66,-9999,30.02,29.09,29.45,29.9,,,
21,29.47,30.2,30.12,30.47,-9999,30.4,29.76,29.75,30.22,29.34,28.99,29.78,,,
22,-9999,30.06,30.06,30.4,29.96,30.17,29.75,29.75,30.27,-9999,28.79,30.1,,,
23,29.8,29.96,29.92,-9999,30,29.93,-9999,29.7,30.46,29.69,28.87,30.13,,,
24,29.78,29.37,29.83,30.41,-9999,30.03,30.13,29.85,-9999,29.41,29.05,-9999,,,
25,29.61,30.07,29.54,30.18,30,-9999,30.17,30.14,30.41,29.19,29.3,-9999,,,
26,29.65,-9999,-9999,30.03,29.97,30.01,30.31,30.02,30.27,29.53,-9999,29.88,,,
27,29.5,30.03,30.03,30.07,29.7,30.16,29.98,-9999,30.05,28.83,29.56,30.12,,,
28,29.74,29.08,29.96,30.15,-9999,30.03,29.98,29.77,30.36,29.49,29.43,29.51,,,
29,-9999,,29.92,30.22,29.67,29.8,29.78,29.81,30.25,-9999,29.48,29.05,,,
30,29.36,,30.13,-9999,29.43,29.74,-9999,30.15,30.17,28.8,30.11,28.92,,,
31,29.29,,29.9,,29.91,,29.86,29.81,,29.39,,,,,
,,,,,,,,,,,,,,,
,,,,,,,,,,,,,,,
,,,,,,,,,,,,,,,
1866,January,February,March,April,May,June,July,August,September,October,November,December,,,
,,,,,,,,,,,,,,,
1,29.01,29.04,29.67,-9999,29.87,30.04,-9999,29.85,29.57,30.28,29.55,29.95,,,
2,29.58,29.12,29.65,-9999,29.65,29.99,29.1,29.59,-9999,30.13,29.64,-9999,,,
3,29.4,29.24,29.47,29.76,29.41,-9999,29.05,29.46,29.46,30.18,29.71,29.31,,,
4,29.39,-9999,-9999,29.62,29.64,30.01,29.24,29.02,29.6,30.18,-9999,29.28,,,
5,29.68,29.51,29.66,30.06,29.79,29.86,29.36,-9999,29.18,30.35,29.38,29.4,,,
6,29.89,28.86,29.22,30.43,-9999,30,29.6,29.47,29.38,30.47,29.53,29.61,,,
7,-9999,28.93,29.21,30.35,30.1,29.97,29.81,29.01,29.37,-9999,29.24,28.74,,,
8,28.74,29.35,29.79,-9999,29.76,30.04,-9999,29.32,29.74,30.41,29.17,30.06,,,
9,28.52,29.67,30.14,30.18,29.41,30.19,29.78,29.31,-9999,30.37,29.55,-9999,,,
10,29,29.31,30.41,29.94,29.7,-9999,30.07,29.52,29.41,30.25,30.03,29.84,,,
11,29.22,-9999,-9999,29.71,29.5,29.76,30.14,29.97,29.15,30.2,-9999,30.28,,,
12,29.59,29.21,29.55,29.66,29.68,29.61,30.12,-9999,29.79,29.98,29.53,29.64,,,
13,29.17,29.47,29.68,29.59,-9999,29.65,30.05,29.9,29.62,29.79,29.23,29.22,,,
14,-9999,29.54,29.48,29.63,30.17,29.82,29.98,29.66,29.03,-9999,29.52,29.04,,,
15,29.17,29.39,29.21,-9999,30.37,29.65,-9999,29.77,29.33,29.96,29.79,29.21,,,
16,29.51,29.43,29.18,29.37,30.4,29.43,30.22,29.44,-9999,30.2,29.39,-6666,,,
17,29.82,29.75,29.38,29.33,30.21,-9999,30.14,29.53,29.45,30.08,30.03,29.82,,,
18,29.62,-9999,-9999,29.96,30.1,29.54,30.05,29.79,29.84,29.98,-9999,29.78,,,
19,29.03,29.86,29.57,29.85,30.12,29.47,29.98,-9999,29.38,29.93,29.99,29.8,,,
20,29.19,30.06,29.59,29.49,-9999,29.94,30.04,29.83,29.54,30.11,30.1,30.14,,,
21,-9999,30.31,29.65,29.96,30.54,29.62,30.11,29.94,29.12,-9999,29.99,29.89,,,
22,29.43,29.61,29.74,-9999,30.48,29.77,-9999,30.01,29.04,29.79,30.03,30.32,,,
23,29.98,29.04,29.6,30.62,30.18,29.99,30.12,30.07,-9999,29.93,29.47,-9999,,,
24,30.34,29.53,28.92,30.5,30.11,-9999,30.14,30,29.58,29.59,29.72,30.08,,,
25,30.25,-9999,-9999,30.35,30.03,30.21,30.22,29.95,29.74,29.7,-9999,-9999,,,
26,30.27,29.32,30.03,30.18,29.81,30.1,30.1,-9999,29.67,29.95,29.85,29.59,,,
27,30.08,29.79,29.85,29.86,-9999,29.96,29.89,29.53,29.85,29.81,29.73,29.43,,,
28,-9999,29.59,29.85,29.54,29.66,30.14,29.82,29.62,29.96,-9999,30.09,29.57,,,
29,29.13,,29.89,-9999,29.65,30.07,-9999,29.6,29.94,29.84,30.03,29.28,,,
30,29.98,,-9999,29.94,29.84,29.71,29.71,29.56,-9999,29.44,29.98,-9999,,,
31,29.47,,29.82,,30.01,,29.86,29.71,,29.92,,29.52,,,
,,,,,,,,,,,,,,,
,,,,,,,,,,,,,,,
,,,,,,,,,,,,,,,
1867,January,February,March,April,May,June,July,August,September,October,November,December,,,
,,,,,,,,,,,,,,,
1,29.41,29.71,30.5,29.99,29.88,29.89,29.94,30.09,30.04,30.25,29.59,28.99,,,
2,29.43,29.62,30.6,29.69,30.02,29.89,29.96,30.01,30.17,29.38,30.3,29.56,,,
3,29.7,-9999,-9999,30.03,30.05,29.88,29.96,30.01,30.12,29.79,30.23,30.21,,,
4,29.89,29.16,30.75,29.41,30.07,29.77,29.73,29.96,29.65,30.18,30.14,30.1,,,
5,30.14,28.92,30.46,29.75,29.99,29.61,29.69,29.79,29.58,30.16,30.37,29.72,,,
6,29.41,28.37,30.13,29.73,29.81,29.4,29.97,29.63,29.58,29.96,30.42,30.11,,,
7,28.91,29.01,30.1,-9999,29.75,29.6,30.27,29.54,29.53,29.43,30.29,30.39,,,
8,28.64,28.77,30.01,29,30.08,29.92,30.31,29.55,29.89,29.41,30.34,30,,,
9,28.99,29.37,29.89,29.19,29.95,29.87,30.25,29.54,29.8,29.72,30.57,30.12,,,
10,29.26,-9999,-9999,29.65,29.82,29.93,30.19,29.81,29.62,29.85,30.53,29.92,,,
11,29.73,29.5,29.72,29.43,29.61,30.25,30.12,30.07,29.75,30.05,30.34,29.85,,,
12,29.63,29.78,30.04,30.07,29.79,29.9,29.93,30.07,29.73,29.84,30.19,29.86,,,
13,29.67,30.03,30.18,29.53,29.79,29.81,29.86,29.98,29.63,29.78,29.86,30.03,,,
14,29.84,30.48,29.86,-9999,30.01,29.71,29.63,29.95,29.66,29.74,29.66,29.49,,,
15,30.11,30.11,29.76,29.01,30.06,29.96,29.67,29.74,29.85,29.86,29.67,29.42,,,
16,30.21,29.59,30.02,29.4,30.14,30.08,29.25,29.4,30.12,29.79,30.09,29.3,,,
17,29.77,-9999,-9999,29.58,29.99,30.09,29.28,29.48,30.44,29.42,30.32,29.29,,,
18,29.69,30.35,29.94,29.65,30,30.03,29.4,29.76,30.53,29.42,30.27,29.32,,,
19,30.03,30.3,29.77,-9999,30.01,30.11,29.52,30.05,30.22,29.4,30.23,29.7,,,
20,30.18,30.22,29.76,29.03,29.95,30.16,29.72,29.89,30.25,29.77,30.46,29.91,,,
21,30.07,30.12,29.89,29.03,29.99,30.2,29.57,29.69,29.85,29.64,30.64,29.7,,,
22,29.99,30.09,29.92,29.57,30.15,30.14,29.48,29.84,29.61,29.79,30.53,29.58,,,
23,29.59,30.13,29.85,29.55,30.25,30.06,29.57,29.96,29.6,29.91,30.54,30.05,,,
24,29.06,-9999,-9999,29.51,30.18,30.09,29.64,29.88,29.91,29.94,30.53,29.82,,,
25,29.23,29.78,29.5,29.9,30.15,30.26,29.84,29.76,30.35,30.24,30.25,30.02,,,
26,29.94,29.93,28.9,29.78,29.91,30.53,30.01,29.81,30.22,29.79,29.85,30.07,,,
27,29.37,30.05,29.04,29.61,29.58,30.51,29.94,29.83,30.07,28.95,30.17,30.32,,,
28,29.28,30.3,29.18,29.62,29.53,30.61,29.98,29.78,29.7,29.67,30.09,30.26,,,
29,29.43,,29.3,29.89,29.71,30.27,30.04,29.95,29.67,29.33,30.15,30.24,,,
30,29.18,,29.26,29.77,29.88,29.85,29.98,29.85,29.57,29.69,29.76,30.47,,,
31,29.68,,,,30.13,,30.01,29.92,,29.62,,30.38,,,
,,,,,,,,,,,,,,,
,,,,,,,,,,,,,,,
,,,,,,,,,,,,,,,
1868,January,February,March,April,May,June,July,August,September,October,November,December,,,
,,,,,,,,,,,,,,,
1,30.28,28.44,29.44,30.32,29.8,29.93,-9999,30.14,29.88,29.97,29.55,29.73,,,
2,30.4,29.39,29.71,30.39,30.1,29.88,30.27,30.12,30.19,30.09,29.77,29.76,,,
3,30.46,29.3,30.02,30.16,29.64,29.96,30.18,30.17,30,30.04,29.12,29.46,,,
4,30.35,29.73,29.72,29.9,30.01,29.56,30.07,30.04,30.04,29.58,29.26,29.14,,,
5,30.27,29.53,29.29,29.82,30.31,30.05,29.95,29.87,30.05,30.02,29.41,28.96,,,
6,30.26,29.83,29.37,29.64,30.27,29.75,30,29.84,30.13,29.65,29.81,29.22,,,
7,30.24,29.53,29.49,29.81,29.96,29.92,29.97,29.44,29.98,29.75,29.98,29.41,,,
8,30.28,29.84,28.6,29.83,29.76,30.06,29.9,29.46,30.27,29.88,30.02,29.57,,,
9,30.26,30.27,29.4,29.94,29.79,29.93,30.27,29.99,30.5,29.7,30.33,30.18,,,
10,30.15,30.04,29.34,30.08,29.82,29.99,30.36,29.95,30.2,30.06,30.36,29.46,,,
11,29.77,31.21,29.16,30.1,29.84,30.16,30.29,29.82,30.17,30.08,30.31,29.08,,,
12,29.57,30.37,29.17,30.04,29.79,30.06,30.3,29.33,30.28,29.94,30.54,29.94,,,
13,29.43,30,29.54,30.1,29.91,29.97,30.27,29.8,30.21,29.99,30.66,29.82,,,
14,29.12,29.7,29.88,30.23,30.06,30,30.16,29.6,30.1,30.17,30.49,29.24,,,
15,29.12,29.76,30.04,30.18,30.2,29.9,29.93,29.96,30.13,29.4,30.53,29.03,,,
16,29.8,30.05,29.54,30.11,30.04,30.24,29.8,29.95,30.04,29.28,30.33,29.06,,,
17,29.27,29.87,29.6,29.96,30.16,29.92,29.9,29.94,29.91,29.23,30.41,29.47,9am,,
18,29.1,29.86,30.16,29.95,30.16,30.34,29.91,29.85,29.88,29.56,30.42,29.34,,,
19,28.72,29.83,29.68,29.57,30,30.26,29.84,29.97,29.89,29.64,30.54,29.67,,,
20,29.23,29.71,29.52,29.02,29.84,30.16,29.71,30.03,29.77,29.96,30.27,29.56,,,
21,29.54,29.57,29.61,28.79,29.76,29.9,29.88,29.84,29.94,29.58,29.67,29.37,,,
22,29.27,29.25,29.73,29.4,29.81,29.59,29.88,29.52,29.95,29.89,28.84,28.92,,,
23,29.87,30.11,29.37,29.31,29.32,29.65,30.26,29.18,29.76,29.47,29.14,28.96,,,
24,29.84,29.71,29.89,29.6,29.42,29.66,30.54,29.33,29.58,29.49,29.87,28.82,,,
25,28.89,29.9,30.03,29.94,29.36,29.77,30.42,29.66,29.69,29.48,29.73,29.05,,,
26,29.99,29.85,29.63,30.06,29.68,30.22,30.15,29.75,29.67,29.52,29.84,29.34,,,
27,29.84,29.65,30.06,29.88,29.78,30.07,29.9,29.55,29.5,29.78,30.1,28.38,,,
28,29.71,29.64,30.51,29.84,30.1,30.27,29.73,29.66,29.17,30.15,30.03,28.92,,,
29,29.81,29.25,30.54,29.47,29.95,30.4,29.57,30.12,29.12,29.3,29.94,29.16,,,
30,29.61,,30.41,29.58,29.76,30.42,29.87,29.91,29.28,29.82,29.8,29.29,,,
31,29.32,,30.29,,30.03,,29.89,29.97,,29.82,,29.68,,,
,,,,,,,,,,,,,,,
,,,,,,,,,,,,,,,
,,,,,,,,,,,,,,,
1869,January,February,March,April,May,June,July,August,September,October,November,December,,,
,,,,,,,,,,,,,,,
1,29.96,28.65,29.52,30.02,30.18,30.2,30.27,29.67,30.46,29.76,30.1,30.13,,,
2,29.61,29.61,29,29.4,30.16,30.02,30.25,29.58,30.38,29.86,29.67,30.06,,,
3,29.21,29.65,29.94,29.04,30.12,29.87,30.23,29.76,30.15,30.02,29.8,30.2,,,
4,29.47,29.67,30.11,29.54,30.08,29.65,30.05,28.84,29.95,30.16,29.14,30.26,,,
5,29.13,29.68,29.52,29.69,30.1,29.9,29.77,30.14,29.77,30.16,29.5,30.55,,,
6,29.86,29.68,30.36,29.73,29.55,30.13,29.51,30.38,29.58,30.21,29.4,30.64,,,
7,30.1,29.32,30.11,29.75,29.25,30.04,29.92,30.01,29.6,30.18,29.73,30.48,,,
8,30.07,29.16,29.83,29.98,29.6,30.12,29.76,29.69,29.47,29.95,29.27,30.2,,,
9,30.27,29.12,29.57,30.23,29.81,30.07,29.8,29.46,29.66,30.13,29.67,29.98,,,
10,30.24,29.53,29.71,29.9,29.57,30.17,30.17,29.52,29.42,30.05,29.71,29.59,,,
11,30.14,29.68,29.69,30.03,29.67,30.12,30.32,29.81,29.12,29.97,30.25,29.18,,,
12,30.02,29.84,29.77,30,29.96,29.72,29.96,29.62,29.17,29.87,30.05,29.24,,,
13,30.05,29.92,29.85,30.06,30.28,29.46,30.07,29.75,29.08,29.77,29.64,28.7,,,
14,29.82,29.56,30.01,29.95,30.38,29.52,30,30.03,29.59,29.94,29.47,28.89,,,
15,29.66,30.15,29.91,29.69,30.24,29.61,30.06,30.21,29.21,29.61,29.72,28.76,,,
16,29.95,29.69,29.78,29.17,30,30.04,30.09,30.31,29.32,29.12,29.63,29.31,,,
17,29.77,29.43,29.51,29.47,29.77,30.2,30.17,30.4,29.63,29.56,30.06,29.18,,,
18,30.3,29.47,29.65,30.08,29.54,30.06,29.95,30.4,29.08,29.43,30.02,29.23,,,
19,30.26,29.89,29.61,29.93,29.5,30.02,30.17,30.37,28.91,29.8,29.91,28.84,,,
20,30.1,29.76,29.63,29.59,29.43,30.14,30.17,30.3,29.3,29.86,30.26,29.16,,,
21,30.22,30.07,30.05,29.79,29.74,30.03,29.96,30.28,29.4,30.25,29.91,29.44,,,
22,30.39,30.17,30.32,29.96,29.96,30.15,29.8,30.36,29.94,30.35,29.12,29.84,,,
23,30.1,30.07,30.39,29.97,30.05,30.2,29.85,30.11,29.83,30.03,29.38,30.11,,,
24,30.07,29.33,30.37,30.02,30.05,30.16,29.9,30,29.8,30.13,29.75,30.28,,,
25,29.79,29.57,30.16,30.2,30.01,30.18,29.87,30.14,29.48,30.1,29.64,30.02,,,
26,29.7,29.67,29.83,30.32,29.92,30.14,29.71,30.17,29.36,29.86,29.43,29.95,,,
27,29.58,29.59,29.66,30.4,30.01,30.3,29.75,30.42,29.88,29.77,29.49,30.02,,,
28,29.15,29.4,29.97,30.67,30.24,30.38,29.92,30.1,29.59,29.88,29.3,29.9,,,
29,28.68,,30.2,30.63,30.22,30.34,29.84,30.3,29.47,30.27,29.77,29.8,,,
30,28.69,,30.2,30.36,29.96,30.32,29.6,30.36,29.86,30.08,29.75,29.48,,,
31,28.77,,30.06,,30.13,,29.73,30.38,,30.08,,29.09,,,
,,,,,,,,,,,,,,,
,,,,,,,,,,,,,,,
,,,,,,,,,,,,,,,
,"Pembroke added from 1870",,,,,,,,,,,,,,
,,,,,,,,,,,,,,,
1870,"January ",February,March,April,May,June,July,August,September,October,November,December,,,
,,,,,,,,,,,,,,,
1,29.2,29.75,29.04,30.12,29.35,29.52,29.96,30,29.77,30.62,30.43,30.65,,,
2,29.44,29.47,29.57,30.22,29.83,29.98,29.93,29.94,29.16,30.6,30.36,30.65,,,
3,29.48,29.58,29.95,30.46,29.97,30.15,29.88,29.92,29.28,30.59,30.39,30.51,,,
4,29.39,29.63,30.26,30.43,30.18,30.29,29.49,29.8,29.68,30.57,30.52,30.42,,,
5,29.54,29.62,30.48,30.21,30.21,30.61,29.54,29.67,29.34,30.49,30.5,30.42,,,
6,29.48,-999,30.58,30.04,30.25,30.59,29.57,29.84,29.37,30.15,30.16,29.99,,,
7,28.89,-999,30.47,29.85,30.32,30.58,29.97,29.95,29.21,29.89,30.03,29.86,,,
8,28.64,29.91,30.49,29.36,30.34,30.19,29.95,30.07,29.45,29.43,30.1,29.77,,,
9,29.3,-999,30.23,29.42,30.2,29.73,29.92,30.25,29.11,29.13,29.94,30.15,,,
10,29.69,30.34,30.05,29.5,30,29.58,29.82,30.23,29.23,29.42,29.67,30.23,,,
11,29.79,30.43,29.73,29.88,29.71,29.44,29.68,30.24,30.03,29.68,29.68,29.91,9am,,
12,29.34,30.64,29.57,29.85,29.1,30.01,29.69,30.36,29.71,29.59,29.36,29.38,,,
13,29.72,30.71,29.73,29.96,29.23,29.93,29.7,30.4,29.6,29.4,29.22,29.33,,,
14,29.14,30.68,29.94,30.16,29.34,29.94,29.91,30.4,29.84,29.98,29,29.22,,,
15,29.49,30.59,29.61,30.23,29.69,30.05,29.89,30.31,30.27,29.86,28.99,28.93,,,
16,30.14,30.36,29.41,30.42,29.66,29.92,29.71,30.15,30.37,28.98,29.14,29.7,,,
17,30.43,30.36,29.68,30.34,29.84,29.89,29.93,30.13,30.31,28.9,29.35,29.78,,,
18,30.48,30.07,30.15,30.25,29.92,29.81,29.96,29.97,30.34,29.69,29.5,29.75,9am,,
19,30.71,30.06,30.32,30.11,29.89,30,30.02,29.95,30.22,29.11,29.2,29.56,,,
20,30.6,29.84,30.23,29.99,29.83,29.94,30.17,30.06,30.15,29.03,29.16,29.59,,,
21,30.44,29.6,30.17,30.04,30.01,30.19,29.86,30.13,30.27,29.79,29.21,30.16,,,
22,30.4,29.67,29.86,29.97,29.9,30.2,30.17,29.89,30.3,29.56,29.15,30.21,,,
23,30.55,29.39,29.96,30.01,30.15,30.14,30.06,29.77,30.33,28.66,28.98,29.94,,,
24,30.53,29.29,29.98,29.92,29.97,29.92,30.07,29.76,30.33,28.49,29.14,29.61,,,
25,30.51,29.44,30.01,30.05,30.31,29.99,30.04,29.85,30.34,29.04,28.98,29.76,9am,,
26,30.37,29.22,30.14,29.83,30.33,29.8,30.09,29.92,30.17,29.22,29.75,30.09,,,
27,30.13,29.56,30.39,30.03,30.33,29.95,30.27,29.91,30.41,29.2,30.2,30.06,,,
28,29.97,29.09,30.41,30.11,30.24,30.07,30.33,29.61,30.37,29.6,30.33,30.06,,,
29,30.01,,30.48,29.84,30.05,30.04,30.29,29.79,30.36,29.76,30.37,30.19,,,
30,29.88,,30.25,29.4,29.84,29.98,30.22,30.1,30.47,29.59,30.55,30.32,,,
31,29.55,,30.22,,29.43,,30.06,30.05,,29.51,,30.24,,,
,,,,,,,,,,,,,,,
,,,,,,,,,,,,,,,
,,,,,,,,,,,,,,,
,"Scilly added from 1871  (from 7 February ONLY Aberdeen, Valencia and Plymouth digitised)",,,,,,,,,,,,,,
,,,,,,,,,,,,,,,
1871,January,February,March,April,May,June,July,August,September,October,November,December,,,
,,,,,,,,,,,,,,,
1,29.74,30.23,30.45,29.91,30.02,30.12,29.8,29.92,29.92,29.22,30.25,30.29,,,
2,29.8,30.08,30.2,29.73,29.99,30.23,29.77,29.83,29.99,29.27,30.29,30.15,9am,,
3,29.85,29.91,30.11,29.8,29.68,30.27,29.57,29.49,29.64,29.53,30.29,30.17,,,
4,29.93,29.76,29.85,29.93,29.57,30.16,29.58,29.39,29.57,29.73,30.31,30.3,,,
5,29.4,29.59,29.6,29.97,30.05,30.23,29.64,29.85,29.84,29.49,30.32,30.16,9am,,
6,29.7,29.75,29.43,30.22,30.21,30.15,29.87,30.02,29.92,29.38,30.06,30.24,,,
7,29.2,30.02,29.53,30.19,30.41,30.13,29.83,30.14,29.82,29.39,29.55,30.21,9am,,
8,29.39,29.61,29.34,30.16,30.29,30.05,29.57,30.08,29.9,29.74,29.3,30.36,,,
9,29.37,29.69,29.76,30.08,30.32,30.09,29.68,30.09,29.86,30.18,29.45,30.24,,,
10,29.55,29.57,29.72,30.1,30.33,30.05,29.77,30.09,30.08,30.39,29.33,30.21,9am,,
11,29.77,29.99,29.58,30.05,30.09,30.06,29.83,30.04,30.16,30.25,29.72,30.27,9am,,
12,30.12,29.46,29.26,29.6,30.12,30.17,29.79,30.06,30.33,30.35,29.84,30.04,9am,,
13,29.84,29.75,29.15,29.9,30.07,30.07,29.66,30.06,30.41,30.29,30.22,30.32,,,
14,29.39,29.84,29.63,30,29.93,29.97,29.7,30.09,30.44,30.05,29.74,30.23,,,
15,29.05,29.85,29.76,29.34,29.94,30.02,29.8,29.98,30.33,29.87,29.63,30.11,9am,,
16,28.5,29.9,29.78,29.22,29.86,29.85,29.94,30,30.4,29.82,29.99,30.2,9am,,
17,28.51,29.79,29.98,29.53,29.9,29.63,29.77,29.87,30.41,29.76,30,29.93,,,
18,28.94,29.78,30.21,29.84,29.84,29.43,29.89,29.52,30.24,29.82,30.2,29.32,9am,,
19,29.31,29.65,29.98,29.35,30.05,29.5,29.73,29.61,30.13,29.5,30.25,29.6,9am,,
20,29.69,29.25,29.82,29.26,30.04,29.62,29.8,29.95,29.88,29.7,29.99,29.45,,,
21,29.7,30.03,29.64,29.53,30.25,29.85,29.77,29.7,29.55,29.73,29.95,29.56,9am,,
22,29.75,29.99,29.99,29.74,30.19,29.97,29.46,30.05,29.42,30.07,29.89,29.93,9am,,
23,29.75,29.85,30.13,29.72,30.13,30.1,29.47,29.6,29.78,30.06,29.95,30.02,9am,,
24,30.3,29.85,29.94,30.01,30.02,30.22,29.45,29.55,29.73,30.16,29.97,29.76,9am,,
25,30.31,29.87,29.8,30.09,29.81,30.23,29.18,29.38,29.81,30.16,30.14,29.54,9am,,
26,30.11,29.98,30.08,29.97,29.81,30.31,29.12,29.57,29.79,29.98,30.23,29.6,9am,,
27,30.22,29.45,30.28,29.68,29.99,30.08,29.52,30.24,29.62,29.58,30.25,29.19,,,
28,30.34,29.95,30.54,29.64,30.39,29.63,29.74,30.39,29.44,29.68,30.18,29.19,9am,,
29,30.28,,30.41,29.57,30.34,29.71,29.76,30.24,29.96,29.56,30.1,29.39,9am,,
30,30.36,,30.26,29.73,30.17,29.58,29.58,30.08,29.84,29.77,30.2,29.19,9am,,
31,30.33,,29.87,,30.16,,29.88,29.92,,30.13,,29.62,,,
,,,,,,,,,,,,,,,
,,,,,,,,,,,,,,,
,,,,,,,,,,,,,,,
1872,January,February,March,April,May,June,July,August,September,October,November,December,,,
,,,,,,,,,,,,,,,
1,29.42,29.13,29.63,29.61,30.19,30,29.62,29.86,29.84,29.37,29.35,28.94,,,
2,29.4,29.31,29.95,29.6,30.06,29.65,29.81,29.75,29.97,29.11,28.85,29.6,,,
3,29.58,29.74,29.94,29.62,29.95,29.65,30.07,29.81,29.74,29.11,29.58,29.71,,,
4,28.85,29.61,30.02,29.95,29.06,29.95,30.03,29.89,29.57,29.67,29.82,29.9,,,
5,28.51,29.7,29.82,30.37,29.25,29.95,30.04,29.76,29.63,30.27,29.3,29.79,,,
6,29.03,29.52,29.86,30.35,29.34,29.86,29.84,29.66,29.69,30.12,29.24,28.86,,,
7,29.2,29.84,29.55,30.17,29.21,29.68,30.06,29.63,29.69,29.8,29.54,28.96,,,
8,29.13,29.95,29.3,29.74,29.27,29.51,29.77,29.77,29.8,29.76,29.86,28.97,,,
9,29.59,29.91,29.73,30.16,29.72,29.37,29.61,29.98,29.69,29.51,29.82,28.77,,,
10,29.97,29.72,30.23,29.89,30.29,29.33,29.85,29.58,29.54,29.45,29.77,29.05,,,
11,29.57,29.77,30.1,29.84,30.26,29.4,29.88,29.43,29.56,29.26,29.98,29.5,,,
12,29.95,29.82,29.81,29.71,30.02,29.6,30.05,29.76,29.76,29.4,30.39,29.81,,,
13,29.63,29.85,29.74,29.98,30.28,29.78,30.06,30.14,30.03,29.64,30.44,29.61,,,
14,29.44,29.9,29.42,30.05,30.09,29.96,30.03,30.28,30.08,30.01,30.27,29.62,,,
15,29.8,29.86,29.65,29.84,29.94,29.98,29.97,30.23,29.85,29.81,30.26,29.89,,,
16,29.73,29.77,29.66,29.82,29.76,30.2,29.79,30.08,29.78,29.38,29.84,29.81,,,
17,29.09,29.52,29.76,29.67,29.75,30.18,29.88,29.93,29.63,29.83,29.86,29.61,,,
18,28.18,29.34,29.4,29.95,29.82,29.97,29.89,30.28,29.19,29.95,29.5,29.81,,,
19,28.96,29.38,29.96,29.97,29.62,29.89,30,30.29,29.37,29.68,29.42,29.77,,,
20,29.49,29.59,30,29.77,29.57,29.91,29.98,30.27,29.69,29.67,29.04,29.8,,,
21,29.59,29.7,29.93,29.7,29.72,29.98,29.89,30.18,29.61,29.62,29.36,29.74,,,
22,29.64,29.95,30.04,29.51,29.76,29.48,29.78,30.19,29.75,29.26,29.39,29.96,,,
23,29.07,29.65,30.15,29.39,29.78,29.89,29.8,30.25,29.65,29.49,28.91,29.28,,,
24,28.63,29.63,29.96,29.44,29.94,29.91,29.93,30.22,29.48,29.15,28.8,29.12,,,
25,28.91,29.52,29.74,29.55,30,29.55,30.1,30.14,29.32,29.24,29.15,28.7,,,
26,29.46,29.88,29.36,29.57,30.19,29.49,30.08,29.83,29.7,29.41,28.74,29.14,,,
27,29.85,30.16,29.35,29.83,30.23,29.76,30.03,30.14,29.55,29.52,29.15,29.36,,,
28,30.01,29.92,29.18,29.8,30.13,29.45,29.94,30.08,28.94,29.68,29.66,29.47,,,9am
29,29.71,29.25,29.21,30.13,29.78,29.71,29.84,29.82,29.39,29.59,29.41,29.73,,,
30,29.44,,29.26,30.26,29.84,29.92,29.89,29.58,29.65,29.1,28.97,29.82,,,
31,29.5,,-9999,,29.81,,29.88,29.63,,29.04,,29.39,,,
,,,,,,,,,,,,,,,
,,,,,,,,,,,,,,,
,,,,,,,,,,,,,,,
1873,January,February,March,April,May,June,July,August,September,October,November,December,,,
,,,,,,,,,,,,,,,
1,29.32,30.25,29.41,29.87,29.84,30.21,29.97,29.84,29.45,29.76,28.41,29.93,,,
2,29.02,29.93,29.62,30.05,29.7,30.34,29.92,29.95,29.66,29.96,29.01,30.24,,,
3,29.14,29.89,29.74,29.87,29.51,30.18,29.72,29.93,29.85,29.91,29.34,30.2,,,
4,29.53,30.37,29.5,29.91,29.65,29.99,29.57,29.85,30.1,30,29.4,30.4,,,
5,29.23,30.09,29.89,29.55,29.51,29.91,29.68,29.76,30.11,29.76,29.56,30.03,,,
6,29.35,30.05,29.85,29.52,29.44,30.15,29.52,29.54,29.93,29.85,29.56,30.38,,,
7,29.62,30.35,29.35,29.83,29.45,30.26,29.94,29.86,29.59,29.57,29.76,30.24,,,
8,29.32,30.42,29.17,30.18,29.88,30.08,29.91,29.77,29.64,29.6,30.17,30.12,,,
9,29.35,30.41,29.28,30.4,29.79,29.83,29.9,29.72,29.6,29.66,30.44,30.16,,,
10,29.24,30.42,29,30.46,29.99,29.32,29.67,29.84,29.22,29.09,30.43,30.33,,,
11,29.43,30.38,29.17,30.2,29.84,29.44,29.68,29.89,29.32,29.15,30.44,30.47,,,
12,29.61,30.24,29.31,30.05,30.06,29.6,29.64,29.78,29.55,29.64,30.3,30.5,,,
13,29.42,30.13,29.5,29.87,30.21,29.6,29.54,29.43,29.87,29.55,30.07,30.4,,,
14,29.55,30.17,29.87,30,30.23,29.63,29.42,29.75,29.67,29.59,30.19,30.28,9am,,
15,29.65,30.28,30.22,29.92,30.13,29.76,29.59,29.92,29.33,29.77,30.42,29.71,,,
16,29.98,30.37,30.2,29.82,30.06,29.82,29.89,29.69,29.37,29.84,30.5,28.97,,,
17,29.63,30.4,30.06,29.8,29.9,30.03,29.91,29.85,29.44,29.88,30.47,29.91,,,
18,29.27,30.55,30.11,29.97,29.88,29.98,29.64,29.76,29.34,29.69,30.39,29.85,,,
19,28.26,30.53,30.07,30.14,29.97,29.95,29.87,29.6,29.82,30.09,30.27,29.67,,,
20,28.16,30.49,30.18,30.37,30.12,29.95,29.77,29.62,29.61,29.4,30.08,29.52,,,
21,28.56,30.15,30.28,30.33,29.74,29.93,30.05,29.65,30.23,29.4,29.59,29.6,,,
22,28.77,29.77,30.15,30.15,29.77,29.87,29.99,29.7,30.39,28.69,29.31,29.46,,,
23,29.26,29.76,30.15,30.04,29.52,29.82,29.89,29.86,30.31,28.75,29.14,29.72,,,
24,29.54,29.69,30.15,30.08,29.81,29.75,29.94,30.08,30.33,29.06,29.49,30.1,,,
25,29.85,29.7,30.2,30.23,30.1,29.54,29.85,30.1,30.19,29.56,29.82,29.89,,,
26,29.6,28.92,30.2,30.21,29.91,29.99,29.83,29.88,30.09,29.99,29.49,29.81,,,
27,29.95,29.3,30.18,30.11,29.81,29.82,29.83,29.55,29.79,30.26,28.89,29.72,,,
28,30,29.69,30.05,29.95,30.22,29.79,29.82,29.42,29.78,30.3,29.66,30.09,,,
29,30.12,,30.04,30.06,30.39,29.98,29.92,29.32,30.1,30.05,29.25,29.74,,,
30,30.18,,30.05,29.92,30.36,29.81,29.83,29.48,30.11,29.82,29.75,29.36,9am,,
31,30.32,,29.73,,30.22,,29.67,29.74,,29.37,,29.05,,,
,,,,,,,,,,,,,,,
,,,,,,,,,,,,,,,
,,,,,,,,,,,,,,,
1874,January,February,March,April,May,June,July,August,September,October,November,December,,,
,,,,,,,,,,,,,,,
1,29.74,30.36,29.87,29.49,30.21,29.75,29.65,29.66,29.32,29.49,30.28,29.38,,,
2,29.29,30.17,30.38,29,30.28,29.83,29.64,29.29,29.52,28.78,30.12,29.82,,,
3,29.31,30.44,30.54,28.42,30.24,30,29.54,29.68,29.58,28.6,29.8,29.75,,,
4,29.21,30.49,30.39,28.99,29,30.16,29.57,29.74,29.47,29.01,29.84,29.67,9am,,
5,29.75,30.38,30.46,29.15,29.97,30.24,29.84,29.58,29.76,29.65,29.83,29.3,,,
6,29.77,30.46,30.79,29.48,29.77,29.97,30.14,29.62,29.93,29.39,30.1,29.2,,,
7,29.88,30.12,30.48,29.86,29.67,30.13,30.05,29.4,29.91,28.99,30.12,29.28,,,
8,29.58,30.21,29.7,29.63,29.7,30.02,29.93,29.36,29.77,29.79,30.17,29.59,,,
9,29.49,30.22,29.58,29.37,29.71,29.97,29.98,29.5,29.35,29.5,30.1,29.26,,,
10,29.91,30.51,29.74,29.22,29.89,29.88,30.14,29.42,29.18,29.65,29.92,29.61,,,
11,29.7,30.31,29.97,29.21,30.07,29.66,30.08,29.3,29.36,29.73,30.02,28.89,9am,,
12,29.45,30.05,29.92,29.52,30.29,30.34,30.06,29.35,29.52,29.92,30.03,29.28,,,
13,29.77,29.66,30.47,29.36,30.4,30.44,30.06,29.45,30.12,29.81,29.87,29.73,,,
14,29.49,29.27,30.12,29.95,30.31,30.54,29.85,29.24,30.07,29.86,30.02,30.06,,,
15,29.37,29.2,30.06,30.03,30.28,30.66,30.06,29.6,29.62,29.36,29.66,30.04,,,
16,29.14,29.27,29.93,29.79,30.37,30.57,30.25,29.77,29.99,29.52,29.41,29.96,,,
17,29.19,29.04,29.63,29.66,30.31,30.44,30.12,29.83,29.02,29.45,29.54,30.33,,,
18,29.16,29.43,29.62,29.89,30.29,30.39,30.2,30.01,29.51,29.56,29.68,29.87,9am,,
19,29.1,29.87,29.61,29.9,30.36,30.21,30.11,30.19,29.76,29.48,29.45,29.83,,,
20,29.12,29.97,29.68,29.85,30.34,30.24,29.9,30.43,29.65,29.78,29.81,29.48,,,
21,29.62,29.73,29.78,29.83,30.16,29.92,29.79,30.52,29.73,28.38,30.1,29.45,,,
22,29.99,29.79,29.65,29.92,29.91,29.89,29.66,30.38,29.6,29.35,30.08,29.81,,,
23,29.83,29.81,30.02,30.14,29.74,29.85,29.69,30.38,29.8,29.83,30.1,29.88,,,
24,29.88,29.97,30,29.99,29.76,29.7,29.78,30.29,29.94,29.83,30.07,29.55,,,
25,30.17,29.82,30.45,30.09,29.94,29.7,29.86,30.12,29.89,29.27,29.78,29.66,9am,,
26,29.84,29.25,30.17,30.2,30.02,29.68,29.63,29.97,30.09,29.97,29.67,29.82,,,
27,30.3,28.89,29.72,30.28,29.95,29.68,29.58,29.64,29.89,29.76,29.64,30.06,,,
28,30.41,29.81,29.65,30.41,29.61,29.73,29.63,29.67,29.62,30.12,29.58,30.13,,,
29,30.05,,29.37,30.31,29.8,29.84,29.67,29.56,29.29,30.2,29.02,30.23,9am,,
30,30.15,,29.16,30.04,29.44,29.82,29.73,29.65,29.54,30.4,28.94,30.42,,,
31,30.26,,29.36,,29.63,,29.78,29.38,,30.43,,30.18,,,
,,,,,,,,,,,,,,,
,,,,,,,,,,,,,,,
,,,,,,,,,,,,,,,
1875,January,February,March,April,May,June,July,August,September,October,November,December,,,
,,,,,,,,,,,,,,,
1,30.07,29.94,30.06,30.5,30.06,30,29.79,30.14,30.04,29.87,29.99,30.25,,,
2,29.38,30.04,30.14,30.42,30,30.32,29.7,30.22,30.14,29.56,29.91,30.14,,,
3,29.28,29.82,30.18,29.95,29.93,30.32,29.68,30.17,29.82,29.5,29.74,30.02,,,
4,29.66,30.01,30.2,29.2,29.85,30.05,30.16,30.23,29.71,29.35,29.61,29.79,,,
5,29.63,30.27,30.08,20.43,29.94,29.75,30.32,30.17,29.79,29.54,29.69,30.13,,,
6,29.74,30.2,29.8,28.89,29.95,29.75,30.36,30.21,30.14,29.46,29.2,30.31,,,
7,29.94,30.13,29.41,29.23,29.62,29.69,30.31,30.2,30.11,29.94,29.04,30.57,,,
8,30.1,30.13,29.62,29.58,29.56,29.8,30.19,30.23,29.91,30.12,29.13,30.44,,,
9,29.88,30.14,29.28,30.1,29.55,30,29.89,30.15,29.86,29.68,29.26,30.36,,,
10,29.7,30.11,30.41,30.35,29.55,29.61,29.4,29.82,29.73,29.74,29.19,30.31,,,
11,29.76,29.9,30.44,30.43,30.1,29.35,29.42,29.69,30.01,29.37,29.11,30.01,,,
12,29.83,29.76,30.37,30.35,29.93,29.39,29.4,29.7,30.22,29.09,29.18,29.89,,,
13,29.89,29.85,30.26,30.33,30.03,29.48,30.02,29.78,30.35,29.31,29.88,29.95,,,
14,29.76,29.6,30.31,30.29,30.17,29.4,30.01,29.92,30.37,29.38,29.67,29.99,,,
15,29.67,30.05,30.28,30.31,30.02,29.15,30,29.91,30.42,29.79,29.64,29.97,,,
16,29.34,30.33,30.2,30.3,30.08,29.07,30.1,30.01,30.37,29.85,30.08,29.95,,,
17,29.46,30.43,30.58,30.23,30.15,29.37,30.07,29.72,30.29,29.78,29.66,29.9,,,
18,29.34,30.4,30.52,30.05,29.8,29.85,30.06,29.7,30.17,29.93,29.67,29.73,,,
19,29.17,30.42,30.11,30.05,29.28,29.98,30.03,29.94,30.23,30.08,29.7,29.61,,,
20,29.09,30.48,30.14,30.06,29.37,29.79,30.08,30.11,30.07,30,29.93,29.36,,,
21,29.3,30.53,30.12,29.92,29.39,29.7,30.09,30.08,29.93,29.8,30.12,29,,,
22,29.59,30.4,30.06,30.05,29.32,29.78,29.94,30.16,29.89,29.6,30.34,29.32,,,
23,29.47,29.96,30.25,29.84,29.56,29.86,29.7,29.94,30.06,29.63,30.43,29.06,,,
24,28.68,29.72,30.22,30.05,29.87,30.03,29.55,29.77,30.23,29.87,30.39,29.55,,,
25,29.02,29.79,30,30.12,29.85,29.97,29.49,29.75,30.06,30.07,30.38,29.44,,,
26,30.05,29.93,29.86,30.2,30.12,29.77,29.82,29.44,29.68,30.08,30.24,30.1,,,
27,29.8,29.99,29.67,29.98,30.24,29.75,30.15,29.62,29.23,29.96,30.19,30.17,,,
28,29.74,30.06,30.09,29.81,29.96,29.82,30.33,29.92,29.25,30.04,30.43,30.15,,,
29,30.18,,30.28,29.93,29.94,30,30.31,29.94,29.42,30.17,30.35,30.24,,,
30,30.48,,30.37,29.92,29.95,30.06,30.09,29.81,29.53,30.18,30.26,30.08,,,
31,30.18,,30.5,,29.86,,30.06,29.64,,30.02,,29.92,,,
,,,,,,,,,,,,,,,
,,,,,,,,,,,,,,,
,,,,,,,,,,,,,,,
1876,January,February,March,April,May,June,July,August,September,October,November,December,,,
,,,,,,,,,,,,,,,
1,29.42,29.98,29.45,29.53,29.92,30.08,29.85,29.46,29.32,29.77,30.24,29.67,,,
2,29.88,29.73,29.23,29.71,30.14,30.04,29.57,29.76,29.61,30.12,30.16,29.38,,,
3,29.89,29.69,29.43,29.92,30.21,29.91,29.9,29.74,29.82,30.14,30.13,29.54,,,
4,29.97,29.65,28.91,29.98,30.31,29.26,29.9,29.02,29.86,29.9,30,28.85,,,
5,30.17,30.02,28.98,30.17,30.26,29.58,29.84,29.65,29.47,29.58,30.31,28.52,,,
6,30.27,30.09,29.27,30.21,30.23,29.68,29.58,30.03,29.21,29.78,30.15,28.72,,,
7,30.56,30.17,29.06,30.36,30.3,29.87,29.83,29.88,29.32,29.69,30.29,28.74,,,
8,30.59,30.17,29.34,30.17,30.45,29.68,29.64,29.85,29.47,29.65,30.32,29.25,,,
9,30.14,30.1,28.68,29.48,30.52,29.71,29.64,29.95,29.51,29.74,30.26,29.7,,,
10,30.3,29.92,28.03,29.48,30.63,29.97,29.54,29.86,29.69,29.16,30.24,29.93,,,
11,30.42,29.99,28.28,29.22,30.43,30.17,29.64,30.16,29.69,29.07,30.15,29.93,,,
12,30.2,29.73,28.96,29.5,30.3,29.92,30.24,30.15,29.71,28.67,29.87,29.71,,,
13,30.06,29.87,29.11,29.77,30.32,29.92,30.06,30.13,29.69,29.6,29.68,29.39,,,
14,30.49,29.76,29.12,29.92,30.26,29.89,30.28,30.01,29.74,29.24,29.89,29.69,,,
15,30.51,29.6,28.77,30.24,30.17,29.78,30.28,29.92,29.75,29.38,29.62,29.82,,,
16,30.29,29.18,28.86,30.13,30.21,29.69,30.39,30,29.71,29.66,29.43,29.89,,,
17,30.19,29.26,29.33,30.12,30.3,29.65,30.06,30.09,29.71,29.58,29.45,29.85,,,
18,29.76,29.38,29.47,29.55,30.36,29.49,30.22,30.12,29.59,29.71,29.72,29.74,,,
19,29.91,28.57,29.86,29.25,30.38,29.85,29.86,30.15,29.84,29.76,29.8,29.49,,,
20,29.4,29.21,30.13,29.03,30.31,29.96,30.1,30.09,30.19,30.01,29.47,29.24,,,
21,29.52,29.78,30.02,29.11,30.17,30.11,30.17,29.97,30.29,30.23,29.88,29.24,,,
22,29.97,29.26,30.06,29.6,29.83,30.03,30.12,29.79,30.1,30.31,30.11,29.18,,,
23,29.93,29.32,29.96,29.97,29.53,30.07,29.95,29.73,29.9,30.35,30.08,29.14,,,
24,29.73,29.57,29.57,30.02,29.64,30.16,30.04,29.73,29.74,30.24,29.99,29.38,,,
25,30.27,29.95,29.66,29.92,29.89,30.14,30.1,29.79,29.65,30.15,29.9,29.84,,,
26,30.14,29.56,29.88,29.77,29.81,30.15,29.99,29.9,29.81,30.24,29.57,30.13,,,
27,30.07,29.23,29.55,29.93,29.68,30.12,29.77,29.33,29.73,30.21,29.4,29.97,,,
28,30,29.21,29.56,29.78,29.92,30.12,29.83,29.81,29.72,30.12,29.29,29.3,,,
29,30.2,29.73,29.29,29.66,29.95,30.04,29.29,29.62,29.47,30,29.29,29.22,,,
30,30.09,,29.32,29.81,29.86,29.91,29.65,29.54,29.82,29.96,29.37,29.47,,,
31,30.08,,29.43,,29.77,,29.57,29.27,,30.13,,29.06,,,
,,,,,,,,,,,,,,,
,,,,,,,,,,,,,,,
,,,,,,,,,,,,,,,
1877,January,February,March,April,May,June,July,August,September,October,November,December,,,
,,,,,,,,,,,,,,,
1,28.69,29.76,30.24,29.73,30.29,29.65,29.98,29.82,29.67,30.23,29.72,28.91,,,
2,29.13,29.69,30.01,29.82,30.31,29.17,29.79,29.76,29.85,30.13,30.15,29.86,,,
3,29.73,29.34,29.98,29.54,30.2,29.43,29.71,29.76,29.92,29.97,29.58,30.28,,,
4,29.63,29.56,29.97,29.2,30.19,29.41,29.68,29.85,30.07,29.98,29.79,30.29,,,
5,29.11,29.93,29.83,29.09,30,29.68,29.81,29.98,30.18,30.16,29.38,29.99,,,
6,29.03,29.98,29.84,29.37,29.86,29.69,29.84,29.99,29.92,30.48,29.33,29.84,,,
7,28.98,29.67,29.54,29.48,29.66,29.63,29.89,29.79,29.9,30.48,29.27,29.03,,,
8,28.87,29.85,29.82,29.6,29.75,29.69,30.07,29.46,29.97,30.2,29.46,29.58,,,
9,29.23,29.72,30.04,29.73,29.82,29.8,30.04,29.44,30.14,30.31,29.59,29.82,,,
10,29.92,29.69,29.89,29.84,29.82,29.83,29.94,29.45,30.14,30.14,29.19,29.78,,,
11,30.41,29.82,29.81,29.57,29.8,29.76,29.69,29.71,30,29.46,28.85,29.83,,,
12,29.82,29.67,29.89,29.89,29.75,29.95,29.84,30.07,29.57,29.43,28.36,29.49,,,
13,29.89,29.38,29.21,30.03,29.75,29.99,29.73,30.2,29.33,29.71,28.64,29.44,,,
14,29.88,29.6,29.58,30.07,29.75,30.06,29.59,30.17,29.44,29.21,29.41,29.57,,,
15,29.42,29.56,29.57,30.16,29.72,30.17,29.41,29.98,29.61,29.18,29.77,30.11,,,
16,29.88,29.27,29.33,29.98,29.84,30.25,29.23,29.84,30.02,29.23,29.83,29.97,,,
17,29.62,29.41,29.28,30.01,29.87,30.22,29.42,29.79,30.25,30,29.99,30.14,,,
18,29.6,29.89,29.35,30.05,29.64,30.17,29.46,29.93,30.45,30.23,29.98,30.08,,,
19,29.34,29.78,29.52,30.03,29.59,30.21,29.71,30.02,30.24,30.17,29.7,30.38,,,
20,29.2,29.25,29.49,30.16,30.09,30.16,29.57,29.81,29.95,29.96,29.32,30.53,,,
21,30.17,29.45,29.48,30.12,30.28,30.09,29.7,29.78,29.84,29.95,29.84,30.22,,,
22,30.16,30.01,29.57,29.81,30.42,29.83,29.62,29.4,29.94,29.38,29,30.13,,,
23,30.35,29.69,29.67,29.92,30.37,29.43,29.49,29.65,29.77,29.25,28.56,29.51,,,
24,29.84,29.71,29.46,29.7,30.39,29.21,29.27,29.91,29.93,29.28,29.41,29.86,,,
25,29.87,29.18,29.29,29.85,30.19,29.93,29.28,29.97,30.13,29.36,29.48,29.47,,,
26,29.44,29.12,29.46,30.07,30.09,29.82,29.66,29.87,30.06,29.48,29.72,29.43,,,
27,29.98,29.56,29.41,30.14,29.95,29.85,29.74,29.85,30.24,29.63,29.45,29,,,
28,29.82,29.79,29.42,30.06,29.34,30.02,29.93,29.74,30.34,29.43,28.97,29.49,,,
29,29.31,,29.72,30,28.68,30.06,29.93,29.49,30.2,29.89,28.84,29.74,,,
30,29.43,,29.86,30.09,29.02,29.99,29.94,29.75,30.28,29.23,28.63,29.25,,,
31,29.47,,29.79,,29.3,,29.94,29.46,,29.13,,29.42,,,
