"Lesina (Split)",,,,,,,,,,,,,,,,,,,,,,,,,
,,,,,,,,,,,,,,,,,,,,,,,,,
,,,,,,,,,,,,,,,,,,,,,,,,,
1869,January,February,March,April,May,June,July,August,September,October,November,December,1869,,,,,,,,,,,,
,,,,,,,,,,,,,,,,,,,,,,,,,
1,765,762,,758,758.4,758.3,759.9,761.7,,,766.8,,1,10197.4636,10157.46688,,10104.137920000001,10109.470816,10108.137592,10129.469176,10153.467208,,,10221.461631999999,
2,764.8,764.7,747.9,,762,757.2,760.4,758.6,760.4,765.3,766.7,751.5,2,10194.797152,10193.463928000001,9969.482296,,10157.46688,10093.472128000001,10136.135296,10112.137264,10136.135296,10201.463271999999,10220.128408,10017.478360000001
3,771.2,762,,754.3,761.8,760.4,759.5,,757.5,,764.1,,3,10280.123488,10157.46688,,10054.808632,10154.800432,10136.135296,10124.13628,,10097.4718,,10185.464584,
4,775.1,769.3,747.6,751.4,762.1,,757.8,760.5,765.4,763.5,754.4,,4,10332.119223999998,10254.792231999998,9965.482624,10016.145136,10158.800104,,10101.471472,10137.46852,10202.796495999999,10177.46524,10056.141855999998,
5,771.7,775.1,755.7,756.4,,763.6,759.7,762.7,767.8,762.7,747.2,,5,10286.789608,10332.119223999998,10073.473768000002,10082.806336,,10178.798464,10126.802728,10166.799448,10234.793871999998,10166.799448,9960.149728,
6,771.5,776,,764,761.5,766.8,760.5,,761.2,,760.2,771,6,10284.12316,10344.118239999998,,10184.13136,10150.80076,10221.461631999999,10137.46852,,10146.801088,,10133.468848,10277.45704
7,771.5,772.1,755,765,760.9,767.4,763.3,759.5,,766,760.1,773.6,7,10284.12316,10292.122503999999,10064.1412,10197.4636,10142.801416,10229.460976,10174.798792,10124.13628,,10210.79584,10132.135624,10312.120863999999
8,768,768.2,,765.3,,766.1,765.7,760.4,762.2,,763.2,,8,10237.46032,10240.126768,,10201.463271999999,,10212.129064,10206.796168,10136.135296,10160.133328,,10173.465568,
9,771.6,767.5,758.1,,760,,765.8,759.3,765.5,767.7,765.5,769.3,9,10285.456384,10230.7942,10105.471144000001,,10130.8024,,10208.129391999999,10121.469831999999,10204.129719999999,10233.460648,10204.129719999999,10254.792231999998
10,770.1,769.3,755,766.7,754.9,759.6,,755.9,761.5,770,,770,10,10265.458024,10254.792231999998,,10220.128408,10062.807976,10125.469504,,10076.140216,10150.80076,10264.1248,,10264.1248
11,767.5,768.6,751.5,,,757.6,766.2,752.2,761.3,771.5,755,,11,10230.7942,10245.459664,10017.478360000001,,,10098.805024000001,10213.462288,10026.810928,10148.134312,10284.12316,10064.1412,
12,769,,746.7,771.4,760.4,758.8,764.1,759,757.1,771.9,764,762.3,12,10250.79256,,9953.483608,10282.789936,10136.135296,10114.803711999999,10185.464584,10117.47016,10092.138904000001,10289.456055999999,10184.13136,10161.466552
13,767.5,761.2,,771.3,763.7,760.2,763.9,765.1,760.8,771.3,778.5,757,13,10230.7942,10146.801088,,10281.456712,10180.131688000001,10133.468848,10182.798136,10198.796824000001,10141.468192,10281.456712,10377.44884,10090.80568
14,,766.6,,,763.1,761,761.6,,761,,,,14,,10218.795184,,,10172.132344,10144.13464,10152.133984,,10144.13464,,,
15,769,770.2,750.7,764.7,759.4,760.2,,758.9,764,764.7,773.6,,15,10250.79256,10266.791248,10006.812568000001,10193.463928000001,10122.803056,10133.468848,,10116.136936,10184.13136,10193.463928000001,10312.120863999999,
16,767,772.5,,760.6,755.9,764.2,760,753.2,,,764.5,766.2,16,10224.12808,10297.455399999999,,10138.801744,10076.140216,10186.797808000001,10130.8024,10040.143168,,,10190.79748,10213.462288
17,,770,,754,756.7,764.9,759.9,,761,762.9,767.1,762.5,17,,10264.1248,,10050.80896,10086.806008000001,10196.130376,10129.469176,,10144.13464,10169.465896,10225.461304,10164.133
18,765.6,770,750.9,743,761.9,,,760.2,764.9,,772.8,761.4,18,10205.462944,10264.1248,10009.479016000001,9904.15432,10156.133656,,,10133.468848,10196.130376,,10301.455071999999,10149.467536
19,769.6,769,757.2,752.2,762.9,759.8,761,760.7,763.5,,772,,19,10258.791904,10250.79256,10093.472128000001,10026.810928,10169.465896,10128.135952,10144.13464,10140.134968,10177.46524,,10290.789279999999,
20,774,765,755,759.3,760.2,756.5,761.4,760,,755,766.5,761.3,20,10317.453759999999,10197.4636,10064.1412,10121.469831999999,10133.468848,10084.13956,10149.467536,10130.8024,,10064.1412,10217.46196,10148.134312
21,765.7,762,745,760.5,760.7,759.6,762.6,760.3,,757.8,763,757.8,21,10206.796168,10157.46688,9930.818800000001,10137.46852,10140.134968,10125.469504,10165.466224,10134.802072,,10101.471472,10170.79912,10101.471472
22,757.4,755.7,747.1,760.8,761.5,762.1,760.9,763.4,756,760,762.3,755,22,10096.138576,10073.473768000002,9958.816504,10141.468192,10150.80076,10158.800104,10142.801416,10176.132016,10077.47344,10130.8024,10161.466552,10064.1412
23,757.4,763.7,755,,762.4,760.1,761.2,762.9,763.5,757.5,757,755,23,10096.138576,10180.131688000001,10064.1412,,10162.799776,10132.135624,10146.801088,10169.465896,10177.46524,10097.4718,10090.80568,10064.1412
24,760,,744.3,762.8,760.1,763.5,760.8,764,766.2,762.5,759,756.1,24,10130.8024,,9921.486232,10168.132672,10132.135624,10177.46524,10141.468192,10184.13136,10213.462288,10164.133,10117.47016,10078.806664
25,764.2,767.1,,761.5,,760.8,759.1,762.8,,757.9,751.7,755,25,10186.797808000001,10225.461304,,10150.80076,,10141.468192,10118.803384,10168.132672,,10102.804696,10020.144808000001,10064.1412
26,765.8,,749.4,762.6,757.2,761,759.8,763.6,768,759.7,756.7,,26,10208.129391999999,,9989.480656,10165.466224,10093.472128000001,10144.13464,10128.135952,10178.798464,10237.46032,10126.802728,10086.806008000001,
27,765.9,,753.5,,,762.5,761.7,763.7,768.1,755,760,753,27,10209.462615999999,,10044.14284,,,10164.133,10153.467208,10180.131688000001,10238.793544000002,10064.1412,10130.8024,10037.476719999999
28,766.9,760.4,753.4,767.1,764.6,759.9,761.6,764,766.2,755.2,762.6,,28,10222.794855999999,10136.135296,10042.809615999999,10225.461304,10192.130704,10129.469176,10152.133984,10184.13136,10213.462288,10066.807648,10165.466224,
29,764.6,,757,762.8,763.8,757.5,,,764.7,760.5,754.3,,29,10192.130704,,10090.80568,10168.132672,10181.464912,10097.4718,,,10193.463928000001,10137.46852,10054.808632,
30,762.8,,755.7,759.9,761.6,757.2,,760.5,765.3,,760.7,772.5,30,10168.132672,,10073.473768000002,10129.469176,10152.133984,10093.472128000001,,10137.46852,10201.463271999999,,10140.134968,10297.455399999999
31,,,755.6,,759,,,763,,,,,31,,,10072.140544,,10117.47016,,,10170.79912,,,,
,,,,,,,,,,,,,,10226.223146285714,10224.239181999996,10024.334940571427,10139.468356000001,10139.365800307694,10144.035882666669,10151.28072064,10139.058133230767,10171.410181000001,10168.005698285713,10163.894924285714,
,,,,,,,,,,,,,,,,,,,,,,,,,
,,,,,,,,,,,,,,,,,,,,,,,,,
1870,January,February,March,April,May,June,July,August,September,October,November,December,1870,,,,,,,,,,,,
,,,,,,,,,,,,,,,,,,,,,,,,,
1,765,771.9,768.6,753.3,762,760.7,761.3,756.8,762.8,775,,761.2,1,10197.4636,10289.456055999999,10245.459664,10041.476392,10157.46688,10140.134968,10148.134312,10088.139232,10168.132672,10330.785999999998,,10146.801088
2,768.9,772.9,767,759,760.1,759.2,760.6,758.9,763.4,771.5,,757.7,2,10249.459335999998,10302.788295999999,10224.12808,10117.47016,10132.135624,10120.136608,10138.801744,10116.136936,10176.132016,10284.12316,,10100.138248000001
3,763.1,769,762.7,763.5,761.7,760.4,757.5,763.4,,,,757.1,3,10172.132344,10250.79256,10166.799448,10177.46524,10153.467208,10136.135296,10097.4718,10176.132016,,,,10092.138904000001
4,,,760,766.7,766.3,764.3,762.5,,762.8,770.8,,765.1,4,,,10130.8024,10220.128408,10214.795511999999,10188.131032,10164.133,,10168.132672,10274.790592,,10198.796824000001
5,770,767.1,760.5,770.6,762.8,763.7,766,755.9,,,758.4,766.3,5,10264.1248,10225.461304,10137.46852,10272.124144,10168.132672,10180.131688000001,10210.79584,10076.140216,,,10109.470816,10214.795511999999
6,770,766,,773.9,760.8,759.3,766,,,768.2,,,6,10264.1248,10210.79584,,10316.120535999999,10141.468192,10121.469831999999,10210.79584,,,10240.126768,,
7,,,750.6,769.7,758.1,763,,757.2,765,,,750.2,7,,,10005.479344,10260.125128,10105.471144000001,10170.79912,,10093.472128000001,10197.4636,,,10000.146448
8,763.8,761.3,755.6,763.6,762.7,763,761.6,756.9,760,765,,744,8,10181.464912,10148.134312,10072.140544,10178.798464,10166.799448,10170.79912,10152.133984,10089.472456,10130.8024,10197.4636,,9917.48656
9,766.4,,759.8,762.4,764.8,760.9,761.8,,,,759.7,749.2,9,10216.128735999999,,10128.135952,10162.799776,10194.797152,10142.801416,10154.800432,,,,10126.802728,9986.814208
10,760,749.9,755,760.9,761.2,,761.2,758.6,,750.7,,,10,10130.8024,9996.146776,10064.1412,10142.801416,10146.801088,,10146.801088,10112.137264,,10006.812568000001,,
11,760.7,762.5,,760.2,,761.5,760.4,758.9,764.1,,,761.3,11,10140.134968,10164.133,,10133.468848,,10150.80076,10136.135296,10116.136936,10185.464584,,,10148.134312
12,764.3,764.2,751.1,,758.9,765.8,758.7,757.4,,760,750.7,763.6,12,10188.131032,10186.797808000001,10012.145464000001,,10116.136936,10208.129391999999,10113.470488,10096.138576,,10130.8024,10006.812568000001,10178.798464
13,758.7,765.4,752.2,766.9,761.5,764.9,755,757.6,762.3,,763.9,764.5,13,10113.470488,10202.796495999999,10026.810928,10222.794855999999,10150.80076,10196.130376,10064.1412,10098.805024000001,10161.466552,,10182.798136,10190.79748
14,759.8,759.1,748.7,761.4,766.8,766.3,,,760.2,,759.2,764.7,14,10128.135952,10118.803384,9980.148088000002,10149.467536,10221.461631999999,10214.795511999999,,,10133.468848,,10120.136608,10193.463928000001
15,,754,765,,765.8,766.2,,758,,,,764.4,15,,10050.80896,10197.4636,,10208.129391999999,10213.462288,,10104.137920000001,,,,10189.464256
16,765.6,756.5,762.9,761.4,764.8,766.2,,,764.9,756.2,760.6,762.3,16,10205.462944,10084.13956,10169.465896,10149.467536,10194.797152,10213.462288,,,10196.130376,10080.139888000002,10138.801744,10161.466552
17,,761.4,763.7,762.9,766.3,764.8,758.1,,,,757.3,759.2,17,,10149.467536,10180.131688000001,10169.465896,10214.795511999999,10194.797152,10105.471144000001,,,,10094.805352,10120.136608
18,762.1,,759.2,763.7,768,762.4,758.1,,,,763.5,,18,10158.800104,,10120.136608,10180.131688000001,10237.46032,10162.799776,10105.471144000001,,,,10177.46524,
19,753.5,757.6,759.2,763.7,767.9,761.1,758.5,755,,765.6,762.4,761.2,19,10044.14284,10098.805024000001,10120.136608,10180.131688000001,10236.127096,10145.467864,10110.80404,10064.1412,,10205.462944,10162.799776,10146.801088
20,761,757.8,768,769.7,,764.1,,754.5,766.9,,763.1,756,20,10144.13464,10101.471472,10237.46032,10260.125128,,10185.464584,,10057.47508,10222.794855999999,,10172.132344,10077.47344
21,765,752.1,765,767.6,766,764.1,,756.4,,760,767.6,750.1,21,10197.4636,10025.477704,10197.4636,10232.127424,10210.79584,10185.464584,,10082.806336,,10130.8024,10232.127424,9998.813224000001
22,754.5,737.8,764.4,766.3,763.2,760.5,,,759.8,760,762.1,742.9,22,10057.47508,9834.826672,10189.464256,10214.795511999999,10173.465568,10137.46852,,,10128.135952,10130.8024,10158.800104,9902.821096
23,756.2,761.3,758.3,768.6,,763.4,759.4,761.5,,761.6,763.5,747.1,23,10080.139888000002,10148.134312,10108.137592,10245.459664,,10176.132016,10122.803056,10150.80076,,10152.133984,10177.46524,9958.816504
24,754.7,765.1,756.1,768.6,761.4,762.5,,760,,,763.5,744.6,24,10060.141528,10198.796824000001,10078.806664,10245.459664,10149.467536,10164.133,,10130.8024,,,10177.46524,9925.485904000001
25,755.6,755.9,745.1,764.4,762.4,,762.4,,766,751.5,768.4,758.3,25,10072.140544,10076.140216,9932.152024,10189.464256,10162.799776,,10162.799776,,10210.79584,10017.478360000001,10242.793215999998,10108.137592
26,759.8,757.6,,766.3,760.5,758,756.7,,765,,769.3,,26,10128.135952,10098.805024000001,,10214.795511999999,10137.46852,10104.137920000001,10086.806008000001,,10197.4636,,10254.792231999998,
27,758.1,762.9,755,763.7,760.9,763.6,,,,,,749.3,27,10105.471144000001,10169.465896,10064.1412,10180.131688000001,10142.801416,10178.798464,,,,,,9988.147432
28,763.4,765,756.3,,767.7,760.4,756.7,,765.9,759.1,,753.4,28,10176.132016,10197.4636,10081.473112,,10233.460648,10136.135296,10086.806008000001,,10209.462615999999,10118.803384,,10042.809615999999
29,768.7,,753.2,755.1,766.3,760.4,758.3,757.4,766.6,753.5,763,748.7,29,10246.792888,,10040.143168,10065.474424,10214.795511999999,10136.135296,10108.137592,10096.138576,10218.795184,10044.14284,10170.79912,9980.148088000002
30,770.1,,751.7,,763.2,,758.6,760.3,767.3,,763.5,756.1,30,10265.458024,,10020.144808000001,,10173.465568,,10112.137264,10134.802072,10228.127751999999,,10177.46524,10078.806664
31,771,,750.9,,761.8,,759.6,760.7,,,,,31,10277.45704,,10009.479016000001,,10154.800432,,10125.469504,10140.134968,,,,
,,,,,,,,,,,,,,10165.367466666668,10138.746192999999,10104.99499257143,10189.31042246154,10175.51301914286,10165.713117333335,10130.19638909091,10106.523689263156,10183.298095,10156.311419200001,10160.207396,10078.755386153849
,,,,,,,,,,,,,,,,,,,,,,,,,
,,,,,,,,,,,,,,,,,,,,,,,,,
1871,January,February,March,April,May,June,July,August,September,October,November,December,1871,,,,,,,,,,,,
,,,,,,,,,,,,,,,,,,,,,,,,,
1,,773,,,,758.6,764.1,755.8,769.8,,762.2,753.8,1,,10304.121519999999,,,,10112.137264,10185.464584,10074.806992,10261.458351999998,,10160.133328,10048.142511999999
2,759.7,,769.2,,,757.9,763.1,,762.8,,754.7,,2,10126.802728,,10253.459008,,,10102.804696,10172.132344,,10168.132672,,10060.141528,
3,755.5,,,,,755.7,,762,765.6,754.4,753.6,761.2,3,10070.80732,,,,,10073.473768000002,,10157.46688,10205.462944,10056.141855999998,10045.476064,10146.801088
4,756.8,769.2,775.6,,,754,761.4,759.7,765.3,,755.2,756.3,4,10088.139232,10253.459008,10338.785344,,,10050.80896,10149.467536,10126.802728,10201.463271999999,,10066.807648,10081.473112
5,757.2,768.3,771.6,,,755.9,,757.5,766.3,760.2,762.9,752.1,5,10093.472128000001,10241.459991999998,10285.456384,,,10076.140216,,10097.4718,10214.795511999999,10133.468848,10169.465896,10025.477704
6,756.6,768.8,771.4,,,758.6,,760.7,763.5,763.7,766.8,755,6,10085.472784000001,10248.126111999998,10282.789936,,,10112.137264,,10140.134968,10177.46524,10180.131688000001,10221.461631999999,10064.1412
7,758.8,761,767.7,,,762.9,764.5,,764.1,,,758.8,7,10114.803711999999,10144.13464,10233.460648,,,10169.465896,10190.79748,,10185.464584,,,10114.803711999999
8,,,771.7,,,,762.3,,762.1,,,760.8,8,,,10286.789608,,,,10161.466552,,10158.800104,,,10141.468192
9,742.3,754.9,,,,758.9,762.1,760.3,759.6,763.6,753.2,768.4,9,9894.821752,10062.807976,,,,10116.136936,10158.800104,10134.802072,10125.469504,10178.798464,10040.143168,10242.793215999998
10,744.8,,,,,760.8,762.4,760.3,760.2,763.6,,764.1,10,9928.152352,,,,,10141.468192,10162.799776,10134.802072,10133.468848,10178.798464,,10185.464584
11,741.9,752.6,767.6,,,759.7,760,760.1,759.3,766.8,759.1,760.5,11,9889.488856,10032.143824,10232.127424,,,10126.802728,10130.8024,10132.135624,10121.469831999999,10221.461631999999,10118.803384,10137.46852
12,747.1,755,771.4,,,760.6,,762.3,759.1,,755.7,766.2,12,9958.816504,10064.1412,10282.789936,,,10138.801744,,10161.466552,10118.803384,,10073.473768000002,10213.462288
13,757.4,759.5,,,,759.2,,760.7,759.4,,751.6,771.7,13,10096.138576,10124.13628,,,,10120.136608,,10140.134968,10122.803056,,10018.811584,10286.789608
14,753.5,,,,,760.9,,761.4,,765,762.2,771,14,10044.14284,,,,,10142.801416,,10149.467536,,10197.4636,10160.133328,10277.45704
15,,,764.6,,,762.6,761.5,760.8,764.7,760.7,764.8,769.6,15,,,10192.130704,,,10165.466224,10150.80076,10141.468192,10193.463928000001,10140.134968,10194.797152,10258.791904
16,764.2,,759.2,,754.6,763.3,760.1,761.2,765.8,,755,766.4,16,10186.797808000001,,10120.136608,,10058.808304,10174.798792,10132.135624,10146.801088,10208.129391999999,,10064.1412,10216.128735999999
17,764.6,,752.4,,,764.8,761.7,,763.9,761.6,750,766.4,17,10192.130704,,10029.477375999999,,,10194.797152,10153.467208,,10182.798136,10152.133984,9997.48,10216.128735999999
18,760.6,766.5,751,,,763.4,762.3,758.6,759.9,765.5,749.3,765.5,18,10138.801744,10217.46196,10010.81224,,,10176.132016,10161.466552,10112.137264,10129.469176,10204.129719999999,9988.147432,10204.129719999999
19,760.5,769,,,,760.8,759.1,760.8,755.7,763.9,754.1,768.3,19,10137.46852,10250.79256,,,,10141.468192,10118.803384,10141.468192,10073.473768000002,10182.798136,10052.142184,10241.459991999998
20,757.6,,,,,761.5,,761.9,761.5,,768.5,,20,10098.805024000001,,,,,10150.80076,,10156.133656,10150.80076,,10244.12644,
21,756.2,,,,,,756.6,764,761.9,766.5,,763.7,21,10080.139888000002,,,,,,10085.472784000001,10184.13136,10156.133656,10217.46196,,10180.131688000001
22,758.4,766.4,,,,757.1,760.3,,755.9,766.8,758,764.2,22,10109.470816,10216.128735999999,,,,10092.138904000001,10134.802072,,10076.140216,10221.461631999999,10104.137920000001,10186.797808000001
23,766,771.2,,,,763.6,,762.2,762.2,765.6,760,763.4,23,10210.79584,10280.123488,,,,10178.798464,,10160.133328,10160.133328,10205.462944,10130.8024,10176.132016
24,765.1,,,,763.8,763.8,758.3,761.2,761.8,762.4,760.4,766.4,24,10198.796824000001,,,,10181.464912,10181.464912,10108.137592,10146.801088,10154.800432,10162.799776,10136.135296,10216.128735999999
25,761.2,771,,,763.2,,754.4,763.9,757.2,754.3,,768.3,25,10146.801088,10277.45704,,,10173.465568,,10056.141855999998,10182.798136,10093.472128000001,10054.808632,,10241.459991999998
26,758.4,775.3,,,763.7,754,,765,755.7,,755.9,764.3,26,10109.470816,10334.785671999998,,,10180.131688000001,10050.80896,,10197.4636,10073.473768000002,,10076.140216,10188.131032
27,755.3,,,,763.7,754.8,759.3,763,757.6,,,761.8,27,10068.140872,,,,10180.131688000001,10061.474751999998,10121.469831999999,10170.79912,10098.805024000001,,,10154.800432
28,753.2,772.6,,,759.9,755.4,762.1,764.5,759.8,,760.2,762.9,28,10040.143168,10298.788623999999,,,10129.469176,10069.474096,10158.800104,10190.79748,10128.135952,,10133.468848,10169.465896
29,756.1,,,,,757.3,,765.2,,750,757.7,762.1,29,10078.806664,,,,,10094.805352,,10200.130048,,9997.48,10100.138248000001,10158.800104
30,,,,,763,760.7,759.8,767.5,,757.8,752.1,765.5,30,,,,,10170.79912,10140.134968,10128.135952,10230.7942,,10101.471472,10025.477704,10204.129719999999
31,767.4,,,,759.8,,759,769.8,,761.4,,765.4,31,10229.460976,,,,10128.135952,,10117.47016,10261.458351999998,,10149.467536,,10202.796495999999
,,,,,,,,,,,,,,10089.521834666666,10209.3792895,10212.351268,,10150.300801,10124.284415999999,10139.944507428572,10156.646434461536,10150.899517333331,10154.51975326316,10099.249431999999,10178.660544275863
,,,,,,,,,,,,,,,,,,,,,,,,,
,,,,,,,,,,,,,,,,,,,,,,,,,
1872,January,February,March,April,May,June,July,August,September,October,November,December,1872,,,,,,,,,,,,
,,,,,,,,,,,,,,,,,,,,,,,,,
1,763.9,769,,756.1,762.4,760.4,758.5,,760,763,,759.8,1,10182.798136,10250.79256,,10078.806664,10162.799776,10136.135296,10110.80404,,10130.8024,10170.79912,,10128.135952
2,764.6,,767,755.9,763.2,760.3,758.4,758,765.1,,765.6,763.5,2,10192.130704,,10224.12808,10076.140216,10173.465568,10134.802072,10109.470816,10104.137920000001,10198.796824000001,,10205.462944,10177.46524
3,768.6,763.6,768.1,753.1,763.5,756.4,759.4,,764.2,764.6,,753.3,3,10245.459664,10178.798464,10238.793544000002,10038.809944,10177.46524,10082.806336,10122.803056,,10186.797808000001,10192.130704,,10041.476392
4,763.8,764.3,773,756.3,763.5,755.2,760,756.7,764.3,,761.4,751,4,10181.464912,10188.131032,10304.121519999999,10081.473112,10177.46524,10066.807648,10130.8024,10086.806008000001,10188.131032,,10149.467536,10010.81224
5,765.8,769,770.9,760.3,762.8,756.9,759,764.5,765,762.7,768.1,757.4,5,10208.129391999999,10250.79256,10276.123816,10134.802072,10168.132672,10089.472456,10117.47016,10190.79748,10197.4636,10166.799448,10238.793544000002,10096.138576
6,768.6,,768.2,756.1,764.3,760.3,758.9,762.4,764,764.7,766,,6,10245.459664,,10240.126768,10078.806664,10188.131032,10134.802072,10116.136936,10162.799776,10184.13136,10193.463928000001,10210.79584,
7,766.7,775.2,767,757.6,761,762.2,759.9,761.2,763.3,766,765.1,763,7,10220.128408,10333.452448,10224.12808,10098.805024000001,10144.13464,10160.133328,10129.469176,10146.801088,10174.798792,10210.79584,10198.796824000001,10170.79912
8,758.9,769.9,763.6,765,761.3,763.1,761.2,,760.9,764.9,766.3,758.6,8,10116.136936,10262.791576,10178.798464,10197.4636,10148.134312,10172.132344,10146.801088,,10142.801416,10196.130376,10214.795511999999,10112.137264
9,,,,757.7,757.7,762,759.4,760,759.2,761.2,765.7,761.8,9,,,,10100.138248000001,10100.138248000001,10157.46688,10122.803056,10130.8024,10120.136608,10146.801088,10206.796168,10154.800432
10,746.1,767.7,762.5,749.4,751.2,757.8,757.8,761.1,,755.3,761.5,756,10,9945.484264,10233.460648,10164.133,9989.480656,10013.478688000001,10101.471472,10101.471472,10145.467864,,10068.140872,10150.80076,10077.47344
11,742.8,767.6,761.4,757.8,753.7,755.9,759.5,763.4,762.3,755.6,752.8,757.5,11,9901.487872,10232.127424,10149.467536,10101.471472,10046.809288,10076.140216,10124.13628,10176.132016,10161.466552,10072.140544,10034.810271999999,10097.4718
12,758,764.9,755.5,763.1,756.5,760.4,,762.5,766.8,758.9,746.5,752.8,12,10104.137920000001,10196.130376,10070.80732,10172.132344,10084.13956,10136.135296,,10164.133,10221.461631999999,10116.136936,9950.81716,10034.810271999999
13,762.3,763.3,757.1,764,759.1,756.5,763.3,761.9,766.9,763.6,755.4,760.5,13,10161.466552,10174.798792,10092.138904000001,10184.13136,10118.803384,10084.13956,10174.798792,10156.133656,10222.794855999999,10178.798464,10069.474096,10137.46852
14,763.4,762,757.2,762.5,763.4,762.3,761.2,761.1,763.8,764.5,,760,14,10176.132016,10157.46688,10093.472128000001,10164.133,10176.132016,10161.466552,10146.801088,10145.467864,10181.464912,10190.79748,,10130.8024
15,,764.2,754.8,757.6,,765.7,758.2,760.5,759,761.9,758.1,754.1,15,,10186.797808000001,10061.474751999998,10098.805024000001,,10206.796168,10106.804368000001,10137.46852,10117.47016,10156.133656,10105.471144000001,10052.142184
16,762.5,758.9,760,760.4,762.6,762.7,757.1,760.4,756.9,760.1,,755.2,16,10164.133,10116.136936,10130.8024,10136.135296,10165.466224,10166.799448,10092.138904000001,10136.135296,10089.472456,10132.135624,,10066.807648
17,766.9,,762.1,755.4,759.8,763.9,759.4,762.2,759.1,763.4,760.9,758.7,17,10222.794855999999,,10158.800104,10069.474096,10128.135952,10182.798136,10122.803056,10160.133328,10118.803384,10176.132016,10142.801416,10113.470488
18,761.5,767.2,762.1,753.9,757.5,763.1,760.6,759.6,760.8,764.4,762.9,752.8,18,10150.80076,10226.794528,10158.800104,10049.475736,10097.4718,10172.132344,10138.801744,10125.469504,10141.468192,10189.464256,10169.465896,10034.810271999999
19,,768.4,752.1,758.7,761.5,760.5,759.6,760.3,759.8,764.8,762.1,749.4,19,,10242.793215999998,10025.477704,10113.470488,10150.80076,10137.46852,10125.469504,10134.802072,10128.135952,10194.797152,10158.800104,9989.480656
20,755.8,768.8,756.9,757.7,762.2,761.2,764,759.7,,759.8,764.6,754.9,20,10074.806992,10248.126111999998,10089.472456,10100.138248000001,10160.133328,10146.801088,10184.13136,10126.802728,,10128.135952,10192.130704,10062.807976
21,760.1,769.5,753.9,750.9,761.9,757.8,764.5,760,752.5,761.3,768.8,761.6,21,10132.135624,10257.45868,10049.475736,10009.479016000001,10156.133656,10101.471472,10190.79748,10130.8024,10030.8106,10148.134312,10248.126111999998,10152.133984
22,760.1,769.2,754.8,755.2,758.1,761.8,764.5,760.7,761.2,763.4,768.9,,22,10132.135624,10253.459008,10061.474751999998,10066.807648,10105.471144000001,10154.800432,10190.79748,10140.134968,10146.801088,10176.132016,10249.459335999998,
23,759.2,768.2,758.3,758.4,765.8,,761.5,759.8,761.4,761,,,23,10120.136608,10240.126768,10108.137592,10109.470816,10208.129391999999,,10150.80076,10128.135952,10149.467536,10144.13464,,
24,760.1,,759,760.4,762.5,762.2,761.9,757.6,759.9,760,762,765.5,24,10132.135624,,10117.47016,10136.135296,10164.133,10160.133328,10156.133656,10098.805024000001,10129.469176,10130.8024,10157.46688,10204.129719999999
25,,764.8,744.1,761.8,760.6,760.9,761.6,758.4,759.9,749.9,762,764.4,25,,10194.797152,9918.819784000001,10154.800432,10138.801744,10142.801416,10152.133984,10109.470816,10129.469176,9996.146776,10157.46688,10189.464256
26,,755.4,754.2,763.5,762,762.6,760.9,762,759.5,759.6,,766.4,26,,10069.474096,10053.475408,10177.46524,10157.46688,10165.466224,10142.801416,10157.46688,10124.13628,10125.469504,,10216.128735999999
27,757.9,,758.9,763.7,763.4,763.1,762.9,761.8,765.3,763.9,770.6,770.7,27,10102.804696,,10116.136936,10180.131688000001,10176.132016,10172.132344,10169.465896,10154.800432,10201.463271999999,10182.798136,10272.124144,10273.457368
28,762,758.8,765.2,761.5,757.8,761,,759.8,768.4,,,768.8,28,10157.46688,10114.803711999999,10200.130048,10150.80076,10101.471472,10144.13464,,10128.135952,10242.793215999998,,,10248.126111999998
29,760.5,766,766.2,760.9,759.1,762,,760.2,765.9,760,762.1,768.8,29,10137.46852,10210.79584,10213.462288,10142.801416,10118.803384,10157.46688,,10133.468848,10209.462615999999,10130.8024,10158.800104,10248.126111999998
30,758.8,,763.3,759.1,760.1,760.2,760.3,,762,759.9,761,,30,10114.803711999999,,10174.798792,10118.803384,10132.135624,10133.468848,10134.802072,,10157.46688,10129.469176,10144.13464,
31,764.5,,757.3,,760.3,,759.8,759.5,,764.2,,772.6,31,10190.79748,,10094.805352,,10134.802072,,10128.135952,10124.13628,,10186.797808000001,,10298.788623999999
,,,,,,,,,,,,,,10142.801415999998,10209.578548521738,10137.560466482757,10110.359632,10139.157270400001,10139.261476413794,10137.135214,10138.357336000001,10158.133492000003,10151.086450857141,10164.654696347827,10130.357992000001
,,,,,,,,,,,,,,,,,,,,,,,,,
,,,,,,,,,,,,,,,,,,,,,,,,,
1873,January,February,March,April,May,June,July,August,September,October,November,December,,,,,,,,,,,,,
,,,,,,,,,,,,,1873,,,,,,,,,,,,
1,771.7,757.1,749.4,763,,760.6,,,760.9,,,,1,10286.789608,10092.138904000001,9989.480656,10170.79912,,10138.801744,,,10142.801416,,,
2,769.5,761.2,752.5,762.9,761.6,763.7,,,,766.6,760.9,,2,10257.45868,10146.801088,10030.8106,10169.465896,10152.133984,10180.131688000001,,,,10218.795184,10142.801416,
3,766.7,760,757.2,762.9,761.5,763.6,761.9,,,764,757.2,,3,10220.128408,10130.8024,10093.472128000001,10169.465896,10150.80076,10178.798464,10156.133656,,,10184.13136,10093.472128000001,
4,768.1,761.1,758.7,760.1,755.2,764.9,760.8,,,,,772.5,4,10238.793544000002,10145.467864,10113.470488,10132.135624,10066.807648,10196.130376,10141.468192,,,,,10297.455399999999
5,769.3,763,759.6,759.2,758.4,762,759.9,760.4,760.3,,,771.6,5,10254.792231999998,10170.79912,10125.469504,10120.136608,10109.470816,10157.46688,10129.469176,10136.135296,10134.802072,,,10285.456384
6,768.8,752,758.5,754.6,758.5,,760.4,760.8,,,,,6,10248.126111999998,10024.144479999999,10110.80404,10058.808304,10110.80404,,10136.135296,10141.468192,,,,
7,770,752.5,756.3,750.3,754,,762.6,763.2,,,,763.7,7,10264.1248,10030.8106,10081.473112,10001.479672,10050.80896,,10165.466224,10173.465568,,,,10180.131688000001
8,770.2,760.2,761.7,755.3,754.7,756.7,763.5,764,760.1,764.9,767.8,771.5,8,10266.791248,10133.468848,10153.467208,10068.140872,10060.141528,10086.806008000001,10177.46524,10184.13136,10132.135624,10196.130376,10234.793871999998,10284.12316
9,771.5,762,764,763.4,753.6,760.2,,,761,,767.7,,9,10284.12316,10157.46688,10184.13136,10176.132016,10045.476064,10133.468848,,,10144.13464,,10233.460648,
10,772.8,757.2,762.4,763.8,755.2,,,,761.9,,,767.9,10,10301.455071999999,10093.472128000001,10162.799776,10181.464912,10066.807648,,,,10156.133656,,,10236.127096
11,771.2,751.8,757.9,761.5,761.2,762.9,,,763.1,767.6,,768.5,11,10280.123488,10021.478031999999,10102.804696,10150.80076,10146.801088,10169.465896,,,10172.132344,10232.127424,,10244.12644
12,771.9,751.6,754.2,759.1,765,756.2,,761.9,764.1,766.3,762.9,,12,10289.456055999999,10018.811584,10053.475408,10118.803384,10197.4636,10080.139888000002,,10156.133656,10185.464584,10214.795511999999,10169.465896,
13,772.5,747.3,755.2,753.9,759.8,,,,,763,766.7,,13,10297.455399999999,9961.482952,10066.807648,10049.475736,10128.135952,,,,,10170.79912,10220.128408,
14,773.1,754.2,753.9,756,753.3,757.9,760.6,,,761.6,,770.4,14,10305.454743999999,10053.475408,10049.475736,10077.47344,10041.476392,10102.804696,10138.801744,,,10152.133984,,10269.457696
15,773.4,763.1,762.2,761.7,762.3,762.9,757.9,,,,,767.2,15,10309.454415999999,10172.132344,10160.133328,10153.467208,10161.466552,10169.465896,10102.804696,,,,,10226.794528
16,773.4,767.9,765.5,762.1,764,764,,766.2,,,758.8,,16,10309.454415999999,10236.127096,10204.129719999999,10158.800104,10184.13136,10184.13136,,10213.462288,,,10114.803711999999,
17,770.5,772.6,766.3,750,761.9,765,763.9,765.8,,,,,17,10270.79092,10298.788623999999,10214.795511999999,9997.48,10156.133656,10197.4636,10182.798136,10208.129391999999,,,,
18,763,775.7,763,755.6,756.7,,,,763.1,,761.9,,18,10170.79912,10340.118568,10170.79912,10072.140544,10086.806008000001,,,,10172.132344,,10156.133656,
19,760.2,774.5,753.4,756.2,758.9,761.7,,,763.8,762.3,,,19,10133.468848,10324.119879999998,10042.809615999999,10080.139888000002,10116.136936,10153.467208,,,10181.464912,10161.466552,,
20,754.3,774.1,753.6,759.4,760,,760.7,,765.9,759.7,761,,20,10054.808632,10318.786983999998,10045.476064,10122.803056,10130.8024,,10140.134968,,10209.462615999999,10126.802728,10144.13464,
21,745,772.1,757.7,759,752.5,,763.5,762.8,,,,765.6,21,9930.818800000001,10292.122503999999,10100.138248000001,10117.47016,10030.8106,,10177.46524,10168.132672,,,,10205.462944
22,747.4,769.7,759.6,758.4,760.1,,,763.3,764.4,,,,22,9962.816176,10260.125128,10125.469504,10109.470816,10132.135624,,,10174.798792,10189.464256,,,
23,750.5,765.4,759.3,751.4,761.1,761.8,763.4,762.6,763.8,763.3,,768.5,23,10004.146120000001,10202.796495999999,10121.469831999999,10016.145136,10145.467864,10154.800432,10176.132016,10165.466224,10181.464912,10174.798792,,10244.12644
24,756.2,766.9,763.8,747.2,759.2,761.9,,762.3,759.7,761.7,,767.6,24,10080.139888000002,10222.794855999999,10181.464912,9960.149728,10120.136608,10156.133656,,10161.466552,10126.802728,10153.467208,,10232.127424
25,753.7,764.6,766.1,755.4,758.7,761.7,,762.9,,756.7,,,25,10046.809288,10192.130704,10212.129064,10069.474096,10113.470488,10153.467208,,10169.465896,,10086.806008000001,,
26,754.1,764.6,763.9,754.2,762.3,,,763.6,,,771,771.9,26,10052.142184,10192.130704,10182.798136,10053.475408,10161.466552,,,10178.798464,,,10277.45704,10289.456055999999
27,759,757.1,759.1,754.4,763.1,763.8,,764,,,,769.7,27,10117.47016,10092.138904000001,10118.803384,10056.141855999998,10172.132344,10181.464912,,10184.13136,,,,10260.125128
28,761.2,750.3,758,758.4,758.3,764.6,763,762.5,,767.5,,759.9,28,10146.801088,10001.479672,10104.137920000001,10109.470816,10108.137592,10192.130704,10170.79912,10164.133,,10230.7942,,10129.469176
29,761,,762.8,763.3,757.5,765.4,764.4,,,,,,29,10144.13464,,10168.132672,10174.798792,10097.4718,10202.796495999999,10189.464256,,,,,
30,761.4,,764.4,762,757.7,764.4,764.5,,,,,,30,10149.467536,,10189.464256,10157.46688,10100.138248000001,10189.464256,10190.79748,,,,,
31,755.9,,764.3,,760.2,,763.9,,,,,767,31,10076.140216,,10188.131032,,10133.468848,,10182.798136,,,,,10224.12808
,,,,,,,,,,,,,,10185.636612903225,10154.514741142857,10124.13628,10101.7825576,10115.914732,10159.942867428568,10159.883348500001,10171.954580799998,10163.722777230769,10177.157572923075,10178.665141599999,10240.571176
,,,,,,,,,,,,,,,,,,,,,,,,,
,,,,,,,,,,,,,H=19m,"May need to add +2.3hPa to all Lesina from 1874 for reduction to MSLP",,,,,,,,,,,
1874,January,February,March,April,May,June,July,August,September,October,November,December,1874,,,,,,,,,,,,
,,,,,,,,,,,,,,,,,,,,,,,,,
1,765.9,759.2,762.2,762.9,757.4,767.7,763.5,753.7,764.1,762.9,765.1,758.7,1,10209.462615999999,10120.136608,10160.133328,10169.465896,10096.138576,10233.460648,10177.46524,10046.809288,10185.464584,10169.465896,10198.796824000001,10113.470488
2,769,760.4,766.2,762.5,752.5,767.1,764,754.7,763.9,760.6,764.9,758.9,2,10250.79256,10136.135296,10213.462288,10164.133,10030.8106,10225.461304,10184.13136,10060.141528,10182.798136,10138.801744,10196.130376,10116.136936
3,769.2,762.4,769.5,761.7,752,766.2,762.8,756.9,763.7,755.7,765.5,758.7,3,10253.459008,10162.799776,10257.45868,10153.467208,10024.144479999999,10213.462288,10168.132672,10089.472456,10180.131688000001,10073.473768000002,10204.129719999999,10113.470488
4,767,763.8,770,761.3,752.7,765.3,762.3,757.4,762.7,754.5,766.9,758.2,4,10224.12808,10181.464912,10264.1248,10148.134312,10033.477048,10201.463271999999,10161.466552,10096.138576,10166.799448,10057.47508,10222.794855999999,10106.804368000001
5,761,766,770.1,760.4,752.4,763,762.4,758.6,760.4,757.7,767.3,752.7,5,10144.13464,10210.79584,10265.458024,10136.135296,10029.477375999999,10170.79912,10162.799776,10112.137264,10136.135296,10100.138248000001,10228.127751999999,10033.477048
6,761.5,768.7,769.2,754.1,754.8,760.1,761,757.2,760.4,760.3,767,758.8,6,10150.80076,10246.792888,10253.459008,10052.142184,10061.474751999998,10132.135624,10144.13464,10093.472128000001,10136.135296,10134.802072,10224.12808,10114.803711999999
7,763.6,769.2,769.1,756.5,756.7,759.6,760.4,760.1,759.6,759.6,768.9,761.4,7,10178.798464,10253.459008,10252.125784,10084.13956,10086.806008000001,10125.469504,10136.135296,10132.135624,10125.469504,10125.469504,10249.459335999998,10149.467536
8,763.3,764.7,767.5,753.3,748.6,761.7,761.3,760.3,759.8,760.8,767.9,759.2,8,10174.798792,10193.463928000001,10230.7942,10041.476392,9978.814864,10153.467208,10148.134312,10134.802072,10128.135952,10141.468192,10236.127096,10120.136608
9,766.4,753.9,765.5,749.2,747,764.5,762.5,755,758.9,762.9,766.5,760.7,9,10216.128735999999,10049.475736,10204.129719999999,9986.814208,9957.48328,10190.79748,10164.133,10064.1412,10116.136936,10169.465896,10217.46196,10140.134968
10,767.8,758.9,760.4,750.5,749.6,763.5,761.3,756.2,759.9,764.3,763.6,746.8,10,10234.793871999998,10116.136936,10136.135296,10004.146120000001,9992.147104,10177.46524,10148.134312,10080.139888000002,10129.469176,10188.131032,10178.798464,9954.816831999999
11,765.8,761.2,751.7,753.9,748.9,759.2,758,759.3,759.3,764.7,757.8,745.7,11,10208.129391999999,10146.801088,10020.144808000001,10049.475736,9982.814536,10120.136608,10104.137920000001,10121.469831999999,10121.469831999999,10193.463928000001,10101.471472,9940.151368
12,763.1,770.2,755.6,748.4,746.4,757.9,756.6,760.1,760.6,763.1,748.5,746.5,12,10172.132344,10266.791248,10072.140544,9976.148416,9949.483936,10102.804696,10085.472784000001,10132.135624,10138.801744,10172.132344,9977.48164,9950.81716
13,762.2,774.7,759.2,752,751.4,756.5,759.7,760.6,755.6,762.9,749.3,742.7,13,10160.133328,10326.786328,10120.136608,10024.144479999999,10016.145136,10084.13956,10126.802728,10138.801744,10072.140544,10169.465896,9988.147432,9900.154648000002
14,765.8,773.8,764.4,740.8,757.5,755.4,761.1,759.2,758,763,743.9,746.7,14,10208.129391999999,10314.787311999999,10189.464256,9874.823392,10097.4718,10069.474096,10145.467864,10120.136608,10104.137920000001,10170.79912,9916.153336,9953.483608
15,768,768.2,765.7,750.7,762,756.4,760.5,757.7,760.8,763.2,751.2,747.8,15,10237.46032,10240.126768,10206.796168,10006.812568000001,10157.46688,10082.806336,10137.46852,10100.138248000001,10141.468192,10173.465568,10013.478688000001,9968.149072
16,768.5,764.8,764.8,753.4,754,758.5,760,757.3,761.7,762.9,749.2,745.6,16,10244.12644,10194.797152,10194.797152,10042.809615999999,10050.80896,10110.80404,10130.8024,10094.805352,10153.467208,10169.465896,9986.814208,9938.818144
17,763.7,760.8,769.6,757.8,757.8,762.3,759.8,759.3,760.5,766.6,746.5,749.8,17,10180.131688000001,10141.468192,10258.791904,10101.471472,10101.471472,10161.466552,10128.135952,10121.469831999999,10137.46852,10218.795184,9950.81716,9994.813552
18,754.1,757.1,765,762.6,761.1,765.8,759.1,757.2,761.6,767.4,749.6,758.6,18,10052.142184,10092.138904000001,10197.4636,10165.466224,10145.467864,10208.129391999999,10118.803384,10093.472128000001,10152.133984,10229.460976,9992.147104,10112.137264
19,758.6,754.1,759.2,762.8,761.5,764.3,758.2,756.2,760.7,766.4,752.2,760.2,19,10112.137264,10052.142184,10120.136608,10168.132672,10150.80076,10188.131032,10106.804368000001,10080.139888000002,10140.134968,10216.128735999999,10026.810928,10133.468848
20,765.4,749.3,755.8,764.2,762.9,759.3,758.8,757.8,762.2,765.4,743.2,744.7,20,10202.796495999999,9988.147432,10074.806992,10186.797808000001,10169.465896,10121.469831999999,10114.803711999999,10101.471472,10160.133328,10202.796495999999,9906.820768000001,9926.819128000001
21,766.5,754.2,756.8,763.2,763.1,757.6,757.2,757.3,763.7,762.7,746.5,741.3,21,10217.46196,10053.475408,10088.139232,10173.465568,10172.132344,10098.805024000001,10093.472128000001,10094.805352,10180.131688000001,10166.799448,9950.81716,9881.489512
22,768.8,754.1,767.3,764.6,762.8,757.2,759.8,757.3,764.3,754.8,753.8,736.2,22,10248.126111999998,10052.142184,10228.127751999999,10192.130704,10168.132672,10093.472128000001,10128.135952,10094.805352,10188.131032,10061.474751999998,10048.142511999999,9813.495088000001
23,769,758.2,765.2,763.8,758.1,755.8,760.8,757,764.9,749.1,756.8,750.7,23,10250.79256,10106.804368000001,10200.130048,10181.464912,10105.471144000001,10074.806992,10141.468192,10090.80568,10196.130376,9985.480984000002,10088.139232,10006.812568000001
24,766.6,762.1,763.2,760.6,749.7,760.9,758.5,756.9,764.8,755.6,760.7,759.6,24,10218.795184,10158.800104,10173.465568,10138.801744,9993.480328000001,10142.801416,10110.80404,10089.472456,10194.797152,10072.140544,10140.134968,10125.469504
25,763.3,762,760.2,760.3,755.4,759.2,755.2,758.4,763.6,767.2,757.1,757.5,25,10174.798792,10157.46688,10133.468848,10134.802072,10069.474096,10120.136608,10066.807648,10109.470816,10178.798464,10226.794528,10092.138904000001,10097.4718
26,767.2,761.6,760.9,760.5,755.8,758.2,748.1,757.4,763.7,769.1,755,756.7,26,10226.794528,10152.133984,10142.801416,10137.46852,10074.806992,10106.804368000001,9972.148744000002,10096.138576,10180.131688000001,10252.125784,10064.1412,10086.806008000001
27,765.5,761.6,767.3,760,750,758.4,756,757.9,765.6,768.7,756.8,755.5,27,10204.129719999999,10152.133984,10228.127751999999,10130.8024,9997.48,10109.470816,10077.47344,10102.804696,10205.462944,10246.792888,10088.139232,10070.80732
28,754.6,760.2,765.5,755.9,756.1,758.3,758.6,761.2,767.9,765.2,755.5,759,28,10058.808304,10133.468848,10204.129719999999,10076.140216,10078.806664,10108.137592,10112.137264,10146.801088,10236.127096,10200.130048,10070.80732,10117.47016
29,761.9,,764.4,758.1,762.8,755.7,757.9,760.9,765.4,763.5,752.3,754.5,29,10156.133656,,10189.464256,10105.471144000001,10168.132672,10073.473768000002,10102.804696,10142.801416,10202.796495999999,10177.46524,10028.144152,10057.47508
30,763.2,,764.2,761.4,764,759.4,753.9,761.6,764.2,762.8,757.6,750.5,30,10173.465568,,10186.797808000001,10149.467536,10184.13136,10122.803056,10049.475736,10152.133984,10186.797808000001,10168.132672,10098.805024000001,10004.146120000001
31,760.7,,762.7,,766,,752.7,762.1,,762.3,,750.5,31,10140.134968,,10166.799448,,10210.79584,,10033.477048,10158.800104,,10161.466552,,10004.146120000001
,,,,,,,,,,,,,,10189.80831380645,10157.181189142855,10181.722955354839,10098.538379200001,10075.323078709676,10137.46852,10118.760376774191,10106.20226683871,10158.5779,10159.144161806453,10089.5168968,10033.778098580646
,,,,,,,,,,,,,,,,,,,,,,,,,
,,,,,,,,,,,,,,,,,,,,,,,,,
1875,January,February,March,April,May,June,July,August,September,October,November,December,1875,,,,,,,,,,,,
,,,,,,,,,,,,,,,,,,,,,,,,,
1,756.2,768.8,752.6,761.4,760.9,760.5,758.4,758.7,759.2,755.4,754,746,1,10080.139888000002,10248.126111999998,10032.143824,10149.467536,10142.801416,10137.46852,10109.470816,10113.470488,10120.136608,10069.474096,10050.80896,9944.15104
2,763.5,767.1,743,763.1,761.1,760.5,757.7,760.5,758.3,761.2,755.2,752.4,2,10177.46524,10225.461304,9904.15432,10172.132344,10145.467864,10137.46852,10100.138248000001,10137.46852,10108.137592,10146.801088,10066.807648,10029.477375999999
3,765,760.8,747,764.7,761,758.7,757.5,759.7,759.8,762.2,758.4,750.7,3,10197.4636,10141.468192,9957.48328,10193.463928000001,10144.13464,10113.470488,10097.4718,10126.802728,10128.135952,10160.133328,10109.470816,10006.812568000001
4,767.6,753.7,752.3,763.4,761.4,757.1,760.9,755.2,760.6,763.5,759.9,736.2,4,10232.127424,10046.809288,10028.144152,10176.132016,10149.467536,10092.138904000001,10142.801416,10066.807648,10138.801744,10177.46524,10129.469176,9813.495088000001
5,764.1,749.8,757.1,760.7,761.7,757.3,763.1,751,764.6,764.5,760.5,739,5,10185.464584,9994.813552,10092.138904000001,10140.134968,10153.467208,10094.805352,10172.132344,10010.81224,10192.130704,10190.79748,10137.46852,9850.82536
6,761.2,755.4,764.4,753,761.2,758.4,762,753,763.9,766,757.5,746.2,6,10146.801088,10069.474096,10189.464256,10037.476719999999,10146.801088,10109.470816,10157.46688,10037.476719999999,10182.798136,10210.79584,10097.4718,9946.817488
7,760.1,758.6,767.2,752.8,762,761.8,762.2,757.9,764.1,767.5,754.7,752.2,7,10132.135624,10112.137264,10226.794528,10034.810271999999,10157.46688,10154.800432,10160.133328,10102.804696,10185.464584,10230.7942,10060.141528,10026.810928
8,766.6,759.3,770.3,752.6,763.3,763.3,760.2,759.6,763.2,767.6,754.3,756.3,8,10218.795184,10121.469831999999,10268.124472,10032.143824,10174.798792,10174.798792,10133.468848,10125.469504,10173.465568,10232.127424,10054.808632,10081.473112
9,767.6,756,769.9,758.4,762,760.5,756.1,759.6,762.7,764.7,753.5,759.6,9,10232.127424,10077.47344,10262.791576,10109.470816,10157.46688,10137.46852,10078.806664,10125.469504,10166.799448,10193.463928000001,10044.14284,10125.469504
10,766.5,755,764.9,762.3,762,760.4,754.5,759,761.6,761.8,758.7,765.2,10,10217.46196,10064.1412,10196.130376,10161.466552,10157.46688,10136.135296,10057.47508,10117.47016,10152.133984,10154.800432,10113.470488,10200.130048
11,769.4,755.5,760.2,762.2,763.6,760.3,760.7,761.7,763.2,757.7,755.9,760.5,11,10256.125456,10070.80732,10133.468848,10160.133328,10178.798464,10134.802072,10140.134968,10153.467208,10173.465568,10100.138248000001,10076.140216,10137.46852
12,768.4,763.7,758.2,759.3,763.8,760.9,759.5,761.7,766.8,753.1,752.9,756.8,12,10242.793215999998,10180.131688000001,10106.804368000001,10121.469831999999,10181.464912,10142.801416,10124.13628,10153.467208,10221.461631999999,10038.809944,10036.143496,10088.139232
13,768.2,757.4,757.5,748.6,761.6,761,758,760.7,765.5,743.5,762.2,760.2,13,10240.126768,10096.138576,10097.4718,9978.814864,10152.133984,10144.13464,10104.137920000001,10140.134968,10204.129719999999,9910.82044,10160.133328,10133.468848
14,768.9,751.5,759.9,758.3,762.7,759.6,759.3,759.6,759.5,741,766.7,765.7,14,10249.459335999998,10017.478360000001,10129.469176,10108.137592,10166.799448,10125.469504,10121.469831999999,10125.469504,10124.13628,9877.48984,10220.128408,10206.796168
15,770.4,756.4,760.7,758.9,763.4,759.4,758.6,762.3,759.8,739.5,762.5,766.3,15,10269.457696,10082.806336,10140.134968,10116.136936,10176.132016,10122.803056,10112.137264,10161.466552,10128.135952,9857.49148,10164.133,10214.795511999999
16,767.2,759.5,765.2,758.1,761.1,758.2,756.1,765,763.2,747.7,761.8,768.9,16,10226.794528,10124.13628,10200.130048,10105.471144000001,10145.467864,10106.804368000001,10078.806664,10197.4636,10173.465568,9966.815848000002,10154.800432,10249.459335999998
17,756.1,757.8,765.6,761.9,760.3,759.1,751.8,765.6,766.5,754.9,766.7,767.2,17,10078.806664,10101.471472,10205.462944,10156.133656,10134.802072,10118.803384,10021.478031999999,10205.462944,10217.46196,10062.807976,10220.128408,10226.794528
18,755.8,758.4,762.2,762.8,760.4,760.4,754,764.9,766.7,759.2,761.9,763.2,18,10074.806992,10109.470816,10160.133328,10168.132672,10136.135296,10136.135296,10050.80896,10196.130376,10220.128408,10120.136608,10156.133656,10173.465568
19,764.8,756.5,762.3,763.5,759.7,759,755.8,763.5,765.4,760.1,758.5,762.2,19,10194.797152,10084.13956,10161.466552,10177.46524,10126.802728,10117.47016,10074.806992,10177.46524,10202.796495999999,10132.135624,10110.80404,10160.133328
20,767.7,752.6,754.5,764.3,759.2,759.2,757.4,763.8,764.6,760.7,748.9,765.8,20,10233.460648,10032.143824,10057.47508,10188.131032,10120.136608,10120.136608,10096.138576,10181.464912,10192.130704,10140.134968,9982.814536,10208.129391999999
21,764.6,755.1,751.8,764.5,760.4,757.6,756.3,764.7,762.4,759.6,744,767.4,21,10192.130704,10065.474424,10021.478031999999,10190.79748,10136.135296,10098.805024000001,10081.473112,10193.463928000001,10162.799776,10125.469504,9917.48656,10229.460976
22,753.3,755.9,753.1,760.7,760.8,762,755.5,762.1,761.4,758,751,769.4,22,10041.476392,10076.140216,10038.809944,10140.134968,10141.468192,10157.46688,10070.80732,10158.800104,10149.467536,10104.137920000001,10010.81224,10256.125456
23,756.2,758.8,752.1,758.4,761.1,764.5,756.5,758.4,759.1,752.1,758,770,23,10080.139888000002,10114.803711999999,10025.477704,10109.470816,10145.467864,10190.79748,10084.13956,10109.470816,10118.803384,10025.477704,10104.137920000001,10264.1248
24,766.7,757.6,760,759.3,762.6,761.5,754.4,759.3,758,747.5,757.6,769.7,24,10220.128408,10098.805024000001,10130.8024,10121.469831999999,10165.466224,10150.80076,10056.141855999998,10121.469831999999,10104.137920000001,9964.1494,10098.805024000001,10260.125128
25,762.5,749.2,765.4,752.4,763.3,757.9,759.3,760.5,765.7,747.7,758.1,767.8,25,10164.133,9986.814208,10202.796495999999,10029.477375999999,10174.798792,10102.804696,10121.469831999999,10137.46852,10206.796168,9966.815848000002,10105.471144000001,10234.793871999998
26,754.8,750.6,767.5,751.3,758.9,754.6,759.9,761.5,767.9,758,746.6,763.1,26,10061.474751999998,10005.479344,10230.7942,10014.811912,10116.136936,10058.808304,10129.469176,10150.80076,10236.127096,10104.137920000001,9952.150384,10172.132344
27,760.4,752.8,765.1,758.3,754,754.1,762.5,764.2,765.9,761,755.9,762.2,27,10136.135296,10034.810271999999,10198.796824000001,10108.137592,10050.80896,10052.142184,10164.133,10186.797808000001,10209.462615999999,10144.13464,10076.140216,10160.133328
28,769.8,747,761.5,761.2,754.9,756.1,763.9,762,764.8,755.8,753.4,766.6,28,10261.458351999998,9957.48328,10150.80076,10146.801088,10062.807976,10078.806664,10182.798136,10157.46688,10194.797152,10074.806992,10042.809615999999,10218.795184
29,769.1,,756.1,760.8,757.1,757,761.4,758.3,756.9,752.6,748.3,766.6,29,10252.125784,,10078.806664,10141.468192,10092.138904000001,10090.80568,10149.467536,10108.137592,10089.472456,10032.143824,9974.815192,10218.795184
30,765.8,,756.9,762.7,752.9,758,759.3,758.9,753.3,753.7,750.9,762.2,30,10208.129391999999,,10089.472456,10166.799448,10036.143496,10104.137920000001,10121.469831999999,10116.136936,10041.476392,10046.809288,10009.479016000001,10160.133328
31,762.9,,760.1,,755.5,,759.1,759.1,,753.3,,765.7,31,10169.465896,,10132.135624,,10070.80732,,10118.803384,10118.803384,,10041.476392,,10206.796168
,,,,,,,,,,,,,,10183.013172129029,10083.568178285714,10124.179287225805,10121.8697992,10136.780404387096,10121.4253912,10110.115924387097,10135.963267096777,10163.955236799999,10083.967531096776,10081.250907999998,10135.66221651613
,,,,,,,,,,,,,,,,,,,,,,,,,
,,,,,,,,,,,,,,,,,,,,,,,,,
1876,January,February,March,April,May,June,July,August,September,October,November,December,1876,,,,,,,,,,,,
,,,,,,,,,,,,,,,,,,,,,,,,,
1,766,768,761.9,753.1,759.9,758,757.2,758.5,754.7,757.1,751.1,760.5,1,10210.79584,10237.46032,10156.133656,10038.809944,10129.469176,10104.137920000001,10093.472128000001,10110.80404,10060.141528,10092.138904000001,10012.145464000001,10137.46852
2,764.5,766.6,756.6,754.7,758.7,757.5,758.1,757.8,756.6,757.8,751.7,762.1,2,10190.79748,10218.795184,10085.472784000001,10060.141528,10113.470488,10097.4718,10105.471144000001,10101.471472,10085.472784000001,10101.471472,10020.144808000001,10158.800104
3,764.8,766.2,759.3,757.8,760.6,759.4,757.1,759.1,758.6,765.9,758.3,759.9,3,10194.797152,10213.462288,10121.469831999999,10101.471472,10138.801744,10122.803056,10092.138904000001,10118.803384,10112.137264,10209.462615999999,10108.137592,10129.469176
4,757.7,763.2,759,758.1,763.9,760.2,758.5,760.6,761.7,766.3,759.3,756.5,4,10100.138248000001,10173.465568,10117.47016,10105.471144000001,10182.798136,10133.468848,10110.80404,10138.801744,10153.467208,10214.795511999999,10121.469831999999,10084.13956
5,756,753.6,760.4,759.1,763.4,760.6,759.1,761.9,762.9,766.7,758.8,753.4,5,10077.47344,10045.476064,10136.135296,10118.803384,10176.132016,10138.801744,10118.803384,10156.133656,10169.465896,10220.128408,10114.803711999999,10042.809615999999
6,759.3,747.2,760.6,759.5,758.1,760.9,759.7,761.9,762.4,765.2,762,751,6,10121.469831999999,9960.149728,10138.801744,10124.13628,10105.471144000001,10142.801416,10126.802728,10156.133656,10162.799776,10200.130048,10157.46688,10010.81224
7,764.2,751.4,757.1,758.8,753.5,759,762.2,759.7,759.5,764.1,758.5,756.7,7,10186.797808000001,10016.145136,10092.138904000001,10114.803711999999,10044.14284,10117.47016,10160.133328,10126.802728,10124.13628,10185.464584,10110.80404,10086.806008000001
8,765.3,753.5,752.1,760.7,754.3,757.3,761.5,759.4,753.2,763.7,754.6,756.3,8,10201.463271999999,10044.14284,10025.477704,10140.134968,10054.808632,10094.805352,10150.80076,10122.803056,10040.143168,10180.131688000001,10058.808304,10081.473112
9,761.7,756,756.8,763.2,754.6,756.2,758.5,759.6,752.3,762.3,758,755.8,9,10153.467208,10077.47344,10088.139232,10173.465568,10058.808304,10080.139888000002,10110.80404,10125.469504,10028.144152,10161.466552,10104.137920000001,10074.806992
10,761.9,759,749.7,764.2,754.7,753.7,759,760.8,756.5,760.6,751.8,753.9,10,10156.133656,10117.47016,9993.480328000001,10186.797808000001,10060.141528,10046.809288,10117.47016,10141.468192,10084.13956,10138.801744,10021.478031999999,10049.475736
11,762.9,752.5,748.1,762.1,753.3,754.2,760.3,761.1,759.1,760.9,761.7,755,11,10169.465896,10030.8106,9972.148744000002,10158.800104,10041.476392,10053.475408,10134.802072,10145.467864,10118.803384,10142.801416,10153.467208,10064.1412
12,763,756.7,752.4,759.7,757.4,755.7,759.4,761.9,756.5,762.6,765.4,756.9,12,10170.79912,10086.806008000001,10029.477375999999,10126.802728,10096.138576,10073.473768000002,10122.803056,10156.133656,10084.13956,10165.466224,10202.796495999999,10089.472456
13,760.4,761.4,755.1,755.5,759,755.7,758.5,759.7,753.9,763.4,761.3,761.6,13,10136.135296,10149.467536,10065.474424,10070.80732,10117.47016,10073.473768000002,10110.80404,10126.802728,10049.475736,10176.132016,10148.134312,10152.133984
14,758.6,763.2,754.5,754.5,755.1,757.9,760.7,759.3,753.9,761.2,761.5,765.3,14,10112.137264,10173.465568,10057.47508,10057.47508,10065.474424,10102.804696,10140.134968,10121.469831999999,10049.475736,10146.801088,10150.80076,10201.463271999999
15,764.2,764.9,763,756.9,754.3,759.1,761.6,760.3,751.3,758.9,761,764.5,15,10186.797808000001,10196.130376,10170.79912,10089.472456,10054.808632,10118.803384,10152.133984,10134.802072,10014.811912,10116.136936,10144.13464,10190.79748
16,764.8,766.9,758,758.9,757.4,758.4,760.4,759.3,756.9,758.6,759.4,760.7,16,10194.797152,10222.794855999999,10104.137920000001,10116.136936,10096.138576,10109.470816,10136.135296,10121.469831999999,10089.472456,10112.137264,10122.803056,10140.134968
17,762.7,761.8,757.3,758.4,759.1,757.3,759.5,759,762.3,757.4,761.2,752.3,17,10166.799448,10154.800432,10094.805352,10109.470816,10118.803384,10094.805352,10124.13628,10117.47016,10161.466552,10096.138576,10146.801088,10028.144152
18,761.2,760.4,751.3,757.6,758.5,756.7,760.4,759.1,763.7,755.4,757.9,754,18,10146.801088,10136.135296,10014.811912,10098.805024000001,10110.80404,10086.806008000001,10136.135296,10118.803384,10180.131688000001,10069.474096,10102.804696,10050.80896
19,766.6,759,745.9,757.7,757.1,757.8,758.1,761,762.7,753.9,757.9,749.1,19,10218.795184,10117.47016,9942.817815999999,10100.138248000001,10092.138904000001,10101.471472,10105.471144000001,10144.13464,10166.799448,10049.475736,10102.804696,9985.480984000002
20,770.6,760.1,749.6,761.3,756.1,757.7,755.3,760.6,763.5,751,755.1,751.9,20,10272.124144,10132.135624,9992.147104,10148.134312,10078.806664,10100.138248000001,10068.140872,10138.801744,10177.46524,10010.81224,10065.474424,10022.811256
21,770.4,763.6,751.1,759.7,762.2,757.4,760.3,762.3,764,757.5,748.3,747.8,21,10269.457696,10178.798464,10012.145464000001,10126.802728,10160.133328,10096.138576,10134.802072,10161.466552,10184.13136,10097.4718,9974.815192,9968.149072
22,766.2,767.8,758.6,757,764.4,757.2,761.5,762.5,761.9,750.2,749,744.2,22,10213.462288,10234.793871999998,10112.137264,10090.80568,10189.464256,10093.472128000001,10150.80076,10164.133,10156.133656,10000.146448,9984.14776,9920.153008000001
23,771.7,763.9,760,758,762.5,756.2,761.7,757.5,763.5,759.4,757.6,747.8,23,10286.789608,10182.798136,10130.8024,10104.137920000001,10164.133,10080.139888000002,10153.467208,10097.4718,10177.46524,10122.803056,10098.805024000001,9968.149072
24,776.4,750.2,757.6,756.8,760.3,755.7,760.4,754.1,764.9,761.9,758.7,749.7,24,10349.451135999998,10000.146448,10098.805024000001,10088.139232,10134.802072,10073.473768000002,10136.135296,10052.142184,10196.130376,10156.133656,10113.470488,9993.480328000001
25,776.2,759.2,752.3,760.9,758.8,755.4,758.2,748.7,761.8,760.6,760.4,747.6,25,10346.784688,10120.136608,10028.144152,10142.801416,10114.803711999999,10069.474096,10106.804368000001,9980.148088000002,10154.800432,10138.801744,10136.135296,9965.482624
26,774.7,762.4,748.9,759.2,754,755.8,755.2,753.8,756.5,757.6,762.7,753.9,26,10326.786328,10162.799776,9982.814536,10120.136608,10050.80896,10074.806992,10066.807648,10048.142511999999,10084.13956,10098.805024000001,10166.799448,10049.475736
27,774.4,758.6,756,754.5,753.9,756.2,758.6,757.5,759.7,757.8,763.1,763.1,27,10322.786655999998,10112.137264,10077.47344,10057.47508,10049.475736,10080.139888000002,10112.137264,10097.4718,10126.802728,10101.471472,10172.132344,10172.132344
28,772,756.3,756.9,756.3,758.2,760.7,757.9,758.3,759.4,758.7,758.9,768.3,28,10290.789279999999,10081.473112,10089.472456,10081.473112,10106.804368000001,10140.134968,10102.804696,10108.137592,10122.803056,10113.470488,10116.136936,10241.459991999998
29,770,760.6,754.5,759.8,762.6,759.3,756.9,761.7,758.5,758,757.8,766.2,29,10264.1248,10138.801744,10057.47508,10128.135952,10165.466224,10121.469831999999,10089.472456,10153.467208,10110.80404,10104.137920000001,10101.471472,10213.462288
30,770.7,,755.1,758.6,765,757.3,760.4,761.3,758.7,759.2,758.2,763.5,30,10273.457368,,10065.474424,10112.137264,10197.4636,10094.805352,10136.135296,10148.134312,10113.470488,10120.136608,10106.804368000001,10177.46524
31,771.3,,753.9,,762.4,,761.4,757.7,,753.5,,764.1,31,10281.456712,,10049.475736,,10162.799776,,10149.467536,10100.138248000001,,10044.14284,,10185.464584
,,,,,,,,,,,,,,10212.688157935487,10128.135951999999,10067.839821419353,10109.7374608,10110.718025548387,10097.249596,10121.168781419354,10120.480665806452,10117.959008799999,10125.383489548387,10104.671209600001,10085.042711741933
,,,,,,,,,,,,,,,,,,,,,,,,,
,,,,,,,,,,,,,,,,,,,,,,,,,
1877,January,February,March,April,May,June,July,August,September,October,November,December,1877,,,,,,,,,,,,
,,,,,,,,,,,,,,,,,,,,,,,,,
1,764.4,756.4,753.1,760.8,751.9,764.5,765.1,760.5,759,760.8,762.2,745.4,1,10189.464256,10082.806336,10038.809944,10141.468192,10022.811256,10190.79748,10198.796824000001,10137.46852,10117.47016,10141.468192,10160.133328,9936.151695999999
2,760.8,761.2,760,756.1,755.8,759.7,762.2,756.6,759.1,755.1,764.6,756.2,2,10141.468192,10146.801088,10130.8024,10078.806664,10074.806992,10126.802728,10160.133328,10085.472784000001,10118.803384,10065.474424,10192.130704,10080.139888000002
3,764.5,762.3,764.5,758.9,759.8,760.8,759.9,753.3,757.1,752.4,764.1,756.2,3,10190.79748,10161.466552,10190.79748,10116.136936,10128.135952,10141.468192,10129.469176,10041.476392,10092.138904000001,10029.477375999999,10185.464584,10080.139888000002
4,764.9,765,765,759.9,758.9,761.8,759.9,757.4,757.7,757.6,762.4,754.4,4,10196.130376,10197.4636,10197.4636,10129.469176,10116.136936,10154.800432,10129.469176,10096.138576,10100.138248000001,10098.805024000001,10162.799776,10056.141855999998
5,759.4,764.7,758.1,755.9,758,762.5,761.7,760.5,757.7,760.6,761.3,752.4,5,10122.803056,10193.463928000001,10105.471144000001,10076.140216,10104.137920000001,10164.133,10153.467208,10137.46852,10100.138248000001,10138.801744,10148.134312,10029.477375999999
6,759.5,767.1,753,756.4,749.1,762.2,761.7,762.5,762,758,765,754.4,6,10124.13628,10225.461304,10037.476719999999,10082.806336,9985.480984000002,10160.133328,10153.467208,10164.133,10157.46688,10104.137920000001,10197.4636,10056.141855999998
7,762.4,767.4,744.8,754.2,754.1,762.3,760.6,761.3,761.6,755.3,765.8,760.3,7,10162.799776,10229.460976,9928.152352,10053.475408,10052.142184,10161.466552,10138.801744,10148.134312,10152.133984,10068.140872,10208.129391999999,10134.802072
8,767.8,761.3,743.3,759.7,754.1,763.4,759.6,759.1,760.1,752.5,765.4,760.8,8,10234.793871999998,10148.134312,9908.153992,10126.802728,10052.142184,10176.132016,10125.469504,10118.803384,10132.135624,10030.8106,10202.796495999999,10141.468192
9,770.3,763.2,741,759.8,754.5,762.9,758.2,757.9,760.9,744.7,764.2,753.3,9,10268.124472,10173.465568,9877.48984,10128.135952,10057.47508,10169.465896,10106.804368000001,10102.804696,10142.801416,9926.819128000001,10186.797808000001,10041.476392
10,767.6,761.2,748.2,753.6,755.9,762.3,764.7,756.8,758.6,753.5,761.9,755.7,10,10232.127424,10146.801088,9973.481968,10045.476064,10076.140216,10161.466552,10193.463928000001,10088.139232,10112.137264,10044.14284,10156.133656,10073.473768000002
11,763,761.5,753,751.1,758.9,761.7,762.8,756.9,759.4,754.9,762.5,763.9,11,10170.79912,10150.80076,10037.476719999999,10012.145464000001,10116.136936,10153.467208,10168.132672,10089.472456,10122.803056,10062.807976,10164.133,10182.798136
12,754.4,762.1,757.8,754.7,758.7,761.3,763.1,755.4,762.6,759.2,758.7,767.7,12,10056.141855999998,10158.800104,10101.471472,10060.141528,10113.470488,10148.134312,10172.132344,10069.474096,10165.466224,10120.136608,10113.470488,10233.460648
13,752.9,757.1,757.3,757.4,758.2,759.9,762.1,756.8,763.4,765.9,757.4,765.7,13,10036.143496,10092.138904000001,10094.805352,10096.138576,10106.804368000001,10129.469176,10158.800104,10088.139232,10176.132016,10209.462615999999,10096.138576,10206.796168
14,758,752.2,752.4,758,759.2,758.1,758.3,759.2,764,771.8,761.3,763.4,14,10104.137920000001,10026.810928,10029.477375999999,10104.137920000001,10120.136608,10105.471144000001,10108.137592,10120.136608,10184.13136,10288.122832,10148.134312,10176.132016
15,755.7,765.1,756.8,758,757.2,758.7,754.8,759.6,763.1,769.1,766.9,764.9,15,10073.473768000002,10198.796824000001,10088.139232,10104.137920000001,10093.472128000001,10113.470488,10061.474751999998,10125.469504,10172.132344,10252.125784,10222.794855999999,10196.130376
16,758.9,767.3,759.4,756.1,755.7,759.2,754.4,758.8,758.6,762,767.7,768.1,16,10116.136936,10228.127751999999,10122.803056,10078.806664,10073.473768000002,10120.136608,10056.141855999998,10114.803711999999,10112.137264,10157.46688,10233.460648,10238.793544000002
17,761.7,762.7,759.3,746.6,759.6,762.1,757.4,759.1,755.2,760.2,765.8,760.9,17,10153.467208,10166.799448,10121.469831999999,9952.150384,10125.469504,10158.800104,10096.138576,10118.803384,10066.807648,10133.468848,10208.129391999999,10142.801416
18,762,756,757.8,744.2,758,763.1,757.3,760.4,755.3,764.8,764.9,761.2,18,10157.46688,10077.47344,10101.471472,9920.153008000001,10104.137920000001,10172.132344,10094.805352,10136.135296,10068.140872,10194.797152,10196.130376,10146.801088
19,765.3,761.2,757.9,748.8,752.1,764.2,757.2,763.1,759.4,765.9,764.3,760.3,19,10201.463271999999,10146.801088,10102.804696,9981.481312,10025.477704,10186.797808000001,10093.472128000001,10172.132344,10122.803056,10209.462615999999,10188.131032,10134.802072
20,767.5,758.7,752.5,747.5,750.7,764.6,756.5,763.4,752.2,768,758.9,758.7,20,10230.7942,10113.470488,10030.8106,9964.1494,10006.812568000001,10192.130704,10084.13956,10176.132016,10026.810928,10237.46032,10116.136936,10113.470488
21,765.6,744.8,748.6,751.8,752.7,761.9,761.1,761.3,756.2,767.5,748.8,763.5,21,10205.462944,9928.152352,9978.814864,10021.478031999999,10033.477048,10156.133656,10145.467864,10148.134312,10080.139888000002,10230.7942,9981.481312,10177.46524
22,763.8,744.6,756.7,756,760,760.5,761.5,760.6,752.9,766.9,753.8,765.5,22,10181.464912,9925.485904000001,10086.806008000001,10077.47344,10130.8024,10137.46852,10150.80076,10138.801744,10036.143496,10222.794855999999,10048.142511999999,10204.129719999999
23,763.6,746.1,750.5,752.9,760.3,759.4,760,759.6,751.5,764.6,757,763.5,23,10178.798464,9945.484264,10004.146120000001,10036.143496,10134.802072,10122.803056,10130.8024,10125.469504,10017.478360000001,10192.130704,10090.80568,10177.46524
24,762.6,753,751.7,749.5,759.2,757.4,759.3,758.3,754.1,760.1,757.8,762.8,24,10165.466224,10037.476719999999,10020.144808000001,9990.813880000002,10120.136608,10096.138576,10121.469831999999,10108.137592,10052.142184,10132.135624,10101.471472,10168.132672
25,762.8,755.1,755.6,753.8,759.5,758.4,757.8,760.2,756.8,756.3,751.6,758.2,25,10168.132672,10065.474424,10072.140544,10048.142511999999,10124.13628,10109.470816,10101.471472,10133.468848,10088.139232,10081.473112,10018.811584,10106.804368000001
26,757.7,753,755.8,755.8,759.4,759.7,755.6,760,759.3,754.4,749.6,750.1,26,10100.138248000001,10037.476719999999,10074.806992,10074.806992,10122.803056,10126.802728,10072.140544,10130.8024,10121.469831999999,10056.141855999998,9992.147104,9998.813224000001
27,758.3,749.6,757.5,756.9,761,760.1,757.3,758.5,763.4,758,760.9,750.9,27,10108.137592,9992.147104,10097.4718,10089.472456,10144.13464,10132.135624,10094.805352,10110.80404,10176.132016,10104.137920000001,10142.801416,10009.479016000001
28,766.9,754.4,764.6,756.1,762.9,760.9,758.6,759.4,761.4,759.5,754.8,750.2,28,10222.794855999999,10056.141855999998,10192.130704,10078.806664,10169.465896,10142.801416,10112.137264,10122.803056,10149.467536,10124.13628,10061.474751999998,10000.146448
29,764.1,,766.6,752.7,762.2,761.6,760.1,758.7,763.9,759.3,746.2,763.2,29,10185.464584,,10218.795184,10033.477048,10160.133328,10152.133984,10132.135624,10113.470488,10182.798136,10121.469831999999,9946.817488,10173.465568
30,761.5,,764.4,753.5,761.7,765.3,762.7,758.2,763.8,759.5,750.6,764.2,30,10150.80076,,10189.464256,10044.14284,10153.467208,10201.463271999999,10166.799448,10106.804368000001,10181.464912,10124.13628,10005.479344,10186.797808000001
31,751.1,,759.4,,763.1,,763,759.7,,760.7,,764.6,31,10012.145464000001,,10122.803056,,10172.132344,,10170.79912,10126.802728,,10140.134968,,10192.130704
,,,,,,,,,,,,,,10156.176663225806,10109.042279714284,10073.430760774194,10058.2305736,10097.428792774193,10148.800924000001,10128.437002580646,10119.233456258065,10117.6034824,10130.41533496774,10129.202531199999,10122.458998193548
,,,,,,,,,,,,,,,,,,,,,,,,,
,,,,,,,,,,,,,,,,,,,,,,,,,
1878,January,February,March,April,May,June,July,August,September,October,November,December,1878,,,,,,,,,,,,
,,,,,,,,,,,,,,,,,,,,,,,,,
1,763.1,760.8,766.3,747.8,759.1,756.7,758.5,753,758.3,761.8,759.5,753.3,1,10172.132344,10141.468192,10214.795511999999,9968.149072,10118.803384,10086.806008000001,10110.80404,10037.476719999999,10108.137592,10154.800432,10124.13628,10041.476392
2,764.8,759.8,765.7,750.7,754.9,759.2,756.4,755.4,757.2,760.5,755.5,750.7,2,10194.797152,10128.135952,10206.796168,10006.812568000001,10062.807976,10120.136608,10082.806336,10069.474096,10093.472128000001,10137.46852,10070.80732,10006.812568000001
3,762.3,755.7,765.8,756,750.7,761.6,751.8,757.3,754.1,764.8,748.7,749.9,3,10161.466552,10073.473768000002,10208.129391999999,10077.47344,10006.812568000001,10152.133984,10021.478031999999,10094.805352,10052.142184,10194.797152,9980.148088000002,9996.146776
4,761.8,761,767.8,763.5,756.7,760.6,750.7,755.9,758.7,765.3,755.6,752.4,4,10154.800432,10144.13464,10234.793871999998,10177.46524,10086.806008000001,10138.801744,10006.812568000001,10076.140216,10113.470488,10201.463271999999,10072.140544,10029.477375999999
5,762.9,769.2,770.4,762.5,760.9,759.9,758.1,757.3,761.8,765.7,753.6,755.1,5,10169.465896,10253.459008,10269.457696,10164.133,10142.801416,10129.469176,10105.471144000001,10094.805352,10154.800432,10206.796168,10045.476064,10065.474424
6,763.4,768.4,766.5,760.9,759.8,758.7,762.7,758.4,761.6,765.3,745.5,754.1,6,10176.132016,10242.793215999998,10217.46196,10142.801416,10128.135952,10113.470488,10166.799448,10109.470816,10152.133984,10201.463271999999,9937.48492,10052.142184
7,763.9,768.6,755.7,760.6,755.4,762.2,761.8,759.4,759.6,764.8,753.8,749.1,7,10182.798136,10245.459664,10073.473768000002,10138.801744,10069.474096,10160.133328,10154.800432,10122.803056,10125.469504,10194.797152,10048.142511999999,9985.480984000002
8,758.1,769.7,754.7,759.8,754.7,765.3,759.9,760.6,758.7,763.8,760.4,745.9,8,10105.471144000001,10260.125128,10060.141528,10128.135952,10060.141528,10201.463271999999,10129.469176,10138.801744,10113.470488,10181.464912,10136.135296,9942.817815999999
9,748,766.8,753.5,758.2,755.4,763.7,760.1,758.9,757.7,760.8,759.2,743.7,9,9970.81552,10221.461631999999,10044.14284,10106.804368000001,10069.474096,10180.131688000001,10132.135624,10116.136936,10100.138248000001,10141.468192,10120.136608,9913.486888000001
10,752.8,764.2,765.7,755.5,758.4,761,760.6,759.3,756.6,761.4,764,751.1,10,10034.810271999999,10186.797808000001,10206.796168,10070.80732,10109.470816,10144.13464,10138.801744,10121.469831999999,10085.472784000001,10149.467536,10184.13136,10012.145464000001
11,761.3,760.2,765,754.5,760.2,760.5,758.5,756.2,758.7,763.5,766.1,754.8,11,10148.134312,10133.468848,10197.4636,10057.47508,10133.468848,10137.46852,10110.80404,10080.139888000002,10113.470488,10177.46524,10212.129064,10061.474751999998
12,766.4,756.4,760.6,754.5,758.2,761,756.2,756.5,761.7,763.7,758.9,747.6,12,10216.128735999999,10082.806336,10138.801744,10057.47508,10106.804368000001,10144.13464,10080.139888000002,10084.13956,10153.467208,10180.131688000001,10116.136936,9965.482624
13,765.1,767.1,756.3,756.5,753.5,758.4,756.3,758.6,759.2,762.4,755.9,756.8,13,10198.796824000001,10225.461304,10081.473112,10084.13956,10044.14284,10109.470816,10081.473112,10112.137264,10120.136608,10162.799776,10076.140216,10088.139232
14,767.7,770.9,752,760.9,756,756,756.2,758.9,756.2,759.4,752.4,752.4,14,10233.460648,10276.123816,10024.144479999999,10142.801416,10077.47344,10077.47344,10080.139888000002,10116.136936,10080.139888000002,10122.803056,10029.477375999999,10029.477375999999
15,763.6,768,760.8,764,759.3,750.6,756.8,756.4,757.6,760.1,754.8,753.3,15,10178.798464,10237.46032,10141.468192,10184.13136,10121.469831999999,10005.479344,10088.139232,10082.806336,10098.805024000001,10132.135624,10061.474751999998,10041.476392
16,762.8,771.4,764.2,763.1,761.9,752.4,757.9,756.3,758.2,761.6,760.7,749.7,16,10168.132672,10282.789936,10186.797808000001,10172.132344,10156.133656,10029.477375999999,10102.804696,10081.473112,10106.804368000001,10152.133984,10140.134968,9993.480328000001
17,759.6,774.2,762.2,758.5,763.1,755,763.2,757.1,758.8,762.7,758.8,755,17,10125.469504,10320.120208,10160.133328,10110.80404,10172.132344,10064.1412,10173.465568,10092.138904000001,10114.803711999999,10166.799448,10114.803711999999,10064.1412
18,761.5,769.5,756.7,754.7,765.9,759.6,763.6,758.6,761.8,761.8,758.1,741.4,18,10150.80076,10257.45868,10086.806008000001,10060.141528,10209.462615999999,10125.469504,10178.798464,10112.137264,10154.800432,10154.800432,10105.471144000001,9882.822736
19,769.8,767.9,758.5,757.3,764.2,760.6,762.5,757.7,758.7,761.1,760.6,756,19,10261.458351999998,10236.127096,10110.80404,10094.805352,10186.797808000001,10138.801744,10164.133,10100.138248000001,10113.470488,10145.467864,10138.801744,10077.47344
20,770.3,768.5,757.2,759.9,761,757.5,760.2,753.5,759.6,760.3,761.1,753.3,20,10268.124472,10244.12644,10093.472128000001,10129.469176,10144.13464,10097.4718,10133.468848,10044.14284,10125.469504,10134.802072,10145.467864,10041.476392
21,771.1,771.5,763.1,753.4,756.6,758.3,761.8,754.8,757.5,760.3,760.3,751.5,21,10278.790264,10284.12316,10172.132344,10042.809615999999,10085.472784000001,10108.137592,10154.800432,10061.474751999998,10097.4718,10134.802072,10134.802072,10017.478360000001
22,770.3,771.9,762.7,748.2,755.6,762.7,762.3,759.2,754,757.7,756.3,755.9,22,10268.124472,10289.456055999999,10166.799448,9973.481968,10072.140544,10166.799448,10161.466552,10120.136608,10050.80896,10100.138248000001,10081.473112,10076.140216
23,766.5,770.3,757.8,751.3,759,761.7,760.6,759.4,754.8,754.7,761.6,761.5,23,10217.46196,10268.124472,10101.471472,10014.811912,10117.47016,10153.467208,10138.801744,10122.803056,10061.474751999998,10060.141528,10152.133984,10150.80076
24,754.6,767.9,746.3,756,759.9,758.4,755,752.6,755.5,759.7,766.7,758.8,24,10058.808304,10236.127096,9948.150711999999,10077.47344,10129.469176,10109.470816,10064.1412,10032.143824,10070.80732,10126.802728,10220.128408,10114.803711999999
25,747,763.7,751.4,753.2,756.9,758.2,753.7,751.6,749.8,760.6,765.6,769,25,9957.48328,10180.131688000001,10016.145136,10040.143168,10089.472456,10106.804368000001,10046.809288,10018.811584,9994.813552,10138.801744,10205.462944,10250.79256
26,738.9,761.5,748.8,750.8,754.2,759.8,750.6,756.7,745,757.7,764.1,768.9,26,9849.492136,10150.80076,9981.481312,10008.145792,10053.475408,10128.135952,10005.479344,10086.806008000001,9930.818800000001,10100.138248000001,10185.464584,10249.459335999998
27,745.1,766.7,759.3,752,762.1,757.4,749,759,751.9,757.1,763.9,762.3,27,9932.152024,10220.128408,10121.469831999999,10024.144479999999,10158.800104,10096.138576,9984.14776,10117.47016,10022.811256,10092.138904000001,10182.798136,10161.466552
28,753.6,767.1,761.9,756.6,758.2,754.8,751.4,761,757.9,754.8,761,757.6,28,10045.476064,10225.461304,10156.133656,10085.472784000001,10106.804368000001,10061.474751999998,10016.145136,10144.13464,10102.804696,10061.474751999998,10144.13464,10098.805024000001
29,758.6,,756.8,760.8,759.8,757.2,756.3,760.9,761.8,754.1,756.7,763.3,29,10112.137264,,10088.139232,10141.468192,10128.135952,10093.472128000001,10081.473112,10142.801416,10154.800432,10052.142184,10086.806008000001,10174.798792
30,757.7,,751.2,760.7,759.8,758.7,758.4,759.5,762.3,753.9,756.9,765.5,30,10100.138248000001,,10013.478688000001,10140.134968,10128.135952,10113.470488,10109.470816,10124.13628,10161.466552,10049.475736,10089.472456,10204.129719999999
31,755.6,,747.4,,760.2,,755.2,758.4,,757.9,,767.8,31,10072.140544,,9962.816176,,10133.468848,,10066.807648,10109.470816,,10102.804696,,10234.793871999998
,,,,,,,,,,,,,,10134.328992516132,10215.985890571426,10118.889398451613,10087.428179200002,10109.98690270968,10116.4480216,10099.106074580646,10095.708503741937,10097.605122400004,10139.102794580644,10111.3817704,10065.302395096778
,,,,,,,,,,,,,,,,,,,,,,,,,
,,,,,,,,,,,,,,,,,,,,,,,,,
1879,January,February,March,April,May,June,July,August,September,October,November,December,1879,,,,,,,,,,,,
,,,,,,,,,,,,,,,,,,,,,,,,,
1,765.9,761.8,756.4,764.4,757.7,758.6,758.5,759.3,758.4,759.4,759.9,743.1,1,10209.462615999999,10154.800432,10082.806336,10189.464256,10100.138248000001,10112.137264,10110.80404,10121.469831999999,10109.470816,10122.803056,10129.469176,9905.487544
2,762,762,759,760.3,757,761.4,756.4,758.7,762.3,758.6,759.6,746.6,2,10157.46688,10157.46688,10117.47016,10134.802072,10090.80568,10149.467536,10082.806336,10113.470488,10161.466552,10112.137264,10125.469504,9952.150384
3,760.5,760.6,758.4,752.3,754.3,762.3,754.9,760.1,763.2,759.3,753.2,762.3,3,10137.46852,10138.801744,10109.470816,10028.144152,10054.808632,10161.466552,10062.807976,10132.135624,10173.465568,10121.469831999999,10040.143168,10161.466552
4,756.9,758.3,759.9,747.6,756.2,761.1,756.6,758.6,761.2,762.3,756.7,755.4,4,10089.472456,10108.137592,10129.469176,9965.482624,10080.139888000002,10145.467864,10085.472784000001,10112.137264,10146.801088,10161.466552,10086.806008000001,10069.474096
5,751.8,757.9,762.1,752.5,758.2,761.6,754.2,759.1,758.3,762.4,768.1,749,5,10021.478031999999,10102.804696,10158.800104,10030.8106,10106.804368000001,10152.133984,10053.475408,10118.803384,10108.137592,10162.799776,10238.793544000002,9984.14776
6,761.6,757.7,763.8,756.5,754.6,757.9,755.7,759.2,758.4,763.2,768.3,752.9,6,10152.133984,10100.138248000001,10181.464912,10084.13956,10058.808304,10102.804696,10073.473768000002,10120.136608,10109.470816,10173.465568,10241.459991999998,10036.143496
7,757.1,757,766,757.2,752.8,758.3,758.6,757.3,758,762,758.2,755.5,7,10092.138904000001,10090.80568,10210.79584,10093.472128000001,10034.810271999999,10108.137592,10112.137264,10094.805352,10104.137920000001,10157.46688,10106.804368000001,10070.80732
8,753.2,760.4,772.3,753.9,757.6,758.5,761.4,757.6,760.2,763,764.2,761.6,8,10040.143168,10136.135296,10294.788951999999,10049.475736,10098.805024000001,10110.80404,10149.467536,10098.805024000001,10133.468848,10170.79912,10186.797808000001,10152.133984
9,746.9,763.4,770.2,747,756.5,759.9,759.2,758.2,759.2,764.2,768.1,761.2,9,9956.150056,10176.132016,10266.791248,9957.48328,10084.13956,10129.469176,10120.136608,10106.804368000001,10120.136608,10186.797808000001,10238.793544000002,10146.801088
10,745.8,761.6,770.1,750.5,748.8,761,753.1,757,756.8,764.5,769,759.4,10,9941.484591999999,10152.133984,10265.458024,10004.146120000001,9981.481312,10144.13464,10038.809944,10090.80568,10088.139232,10190.79748,10250.79256,10122.803056
11,753.5,754.3,766.5,751,750.2,761.9,755.1,756.9,755.9,763.3,762.3,763.2,11,10044.14284,10054.808632,10217.46196,10010.81224,10000.146448,10156.133656,10065.474424,10089.472456,10076.140216,10174.798792,10161.466552,10173.465568
12,757.3,746.7,762.7,747.9,753.7,761.6,758.8,756,760.1,767.9,758.4,766.9,12,10094.805352,9953.483608,10166.799448,9969.482296,10046.809288,10152.133984,10114.803711999999,10077.47344,10132.135624,10236.127096,10109.470816,10222.794855999999
13,759.9,750.7,755.6,744.4,757.2,759,760.4,755.4,760.9,767.8,750.8,767.5,13,10129.469176,10006.812568000001,10072.140544,9922.819456,10093.472128000001,10117.47016,10136.135296,10069.474096,10142.801416,10234.793871999998,10008.145792,10230.7942
14,763.4,755.9,755.4,757.1,760.1,758.4,757.3,757.7,761.1,763.5,754.7,767.6,14,10176.132016,10076.140216,10069.474096,10092.138904000001,10132.135624,10109.470816,10094.805352,10100.138248000001,10145.467864,10177.46524,10060.141528,10232.127424
15,762.4,752,764.7,758.3,760.8,758.7,754.8,758.4,760.7,760.1,758.7,769.6,15,10162.799776,10024.144479999999,10193.463928000001,10108.137592,10141.468192,10113.470488,10061.474751999998,10109.470816,10140.134968,10132.135624,10113.470488,10258.791904
16,759.9,748,765.1,753.4,762.4,759.7,755.3,756.5,760.1,753.1,756.9,770.2,16,10129.469176,9970.81552,10198.796824000001,10042.809615999999,10162.799776,10126.802728,10068.140872,10084.13956,10132.135624,10038.809944,10089.472456,10266.791248
17,761.1,743.8,764.9,745.5,761.8,755.7,757,756.5,759.2,747,760.2,767.3,17,10145.467864,9914.820112,10196.130376,9937.48492,10154.800432,10073.473768000002,10090.80568,10084.13956,10120.136608,9957.48328,10133.468848,10228.127751999999
18,761.3,742.3,762.6,751.8,757.3,755.8,757,756.9,758.5,759.1,763.4,765.3,18,10148.134312,9894.821752,10165.466224,10021.478031999999,10094.805352,10074.806992,10090.80568,10089.472456,10110.80404,10118.803384,10176.132016,10201.463271999999
19,759.9,746,762.8,756.4,756.2,757.5,757.4,756.9,760.4,758.5,758.9,763,19,10129.469176,9944.15104,10168.132672,10082.806336,10080.139888000002,10097.4718,10096.138576,10089.472456,10136.135296,10110.80404,10116.136936,10170.79912
20,759.6,755.3,758.1,760.1,758.1,759.7,758.1,759.1,758.5,761,757.2,768.3,20,10125.469504,10068.140872,10105.471144000001,10132.135624,10105.471144000001,10126.802728,10105.471144000001,10118.803384,10110.80404,10144.13464,10093.472128000001,10241.459991999998
21,762.7,742.9,757.6,758.3,759.3,757.8,756.1,760.1,757.8,751.5,766.9,766.8,21,10166.799448,9902.821096,10098.805024000001,10108.137592,10121.469831999999,10101.471472,10078.806664,10132.135624,10101.471472,10017.478360000001,10222.794855999999,10221.461631999999
22,766.8,749,753.7,754.5,762.4,758.7,752,758.5,756.1,750.1,770.9,770.5,22,10221.461631999999,9984.14776,10046.809288,10057.47508,10162.799776,10113.470488,10024.144479999999,10110.80404,10078.806664,9998.813224000001,10276.123816,10270.79092
23,768.4,744.8,749.7,748.5,763.7,758.9,755.1,760,755.5,754.6,767.5,773.4,23,10242.793215999998,9928.152352,9993.480328000001,9977.48164,10180.131688000001,10116.136936,10065.474424,10130.8024,10070.80732,10058.808304,10230.7942,10309.454415999999
24,766.1,751.7,747.9,750.7,761.3,757.7,761.8,759.7,757.6,758.7,763.5,773.9,24,10212.129064,10020.144808000001,9969.482296,10006.812568000001,10148.134312,10100.138248000001,10154.800432,10126.802728,10098.805024000001,10113.470488,10177.46524,10316.120535999999
25,762.3,744,749.1,753.8,759.9,758.3,761.6,758.1,760.8,757.1,757.5,770.4,25,10161.466552,9917.48656,9985.480984000002,10048.142511999999,10129.469176,10108.137592,10152.133984,10105.471144000001,10141.468192,10092.138904000001,10097.4718,10269.457696
26,762.4,752.8,756.6,754.5,756.8,759,760.8,758,759.7,761.9,751,767.8,26,10162.799776,10034.810271999999,10085.472784000001,10057.47508,10088.139232,10117.47016,10141.468192,10104.137920000001,10126.802728,10156.133656,10010.81224,10234.793871999998
27,766.7,754.6,752.5,755.4,755.2,762.1,759.2,758.3,757.4,764.4,752.5,768.7,27,10220.128408,10058.808304,10030.8106,10069.474096,10066.807648,10158.800104,10120.136608,10108.137592,10096.138576,10189.464256,10030.8106,10246.792888
28,766.4,757.3,752.2,748.2,758.2,761.6,759.1,760.6,762,762.7,754.3,775.7,28,10216.128735999999,10094.805352,10026.810928,9973.481968,10106.804368000001,10152.133984,10118.803384,10138.801744,10157.46688,10166.799448,10054.808632,10340.118568
29,764.6,,755.6,753.2,761.3,762,762.7,761.4,756.5,762.9,753.4,773.2,29,10192.130704,,10072.140544,10040.143168,10148.134312,10157.46688,10166.799448,10149.467536,10084.13956,10169.465896,10042.809615999999,10306.787967999999
30,760.8,,758.1,754.4,764.9,761.5,760.7,760,762.4,764.3,744,770.5,30,10141.468192,,10105.471144000001,10056.141855999998,10196.130376,10150.80076,10140.134968,10130.8024,10162.799776,10188.131032,9917.48656,10270.79092
31,761.1,,761.8,,761.3,,759.8,758.2,,763.2,,765.7,31,10145.467864,,10154.800432,,10148.134312,,10128.135952,10106.804368000001,,10173.465568,,10206.796168
,,,,,,,,,,,,,,10134.371999741936,10041.666852571429,10127.10377858065,10041.743036799999,10103.19176103226,10124.669569600002,10100.138248,10108.567664258064,10120.669897599999,10135.791238193548,10125.602826399998,10187.786974193546
,,,,,,,,,,,,,,,,,,,,,,,,,
,,,,,,,,,,,,,,,,,,,,,,,,,
1880,January,February,March,April,May,June,July,August,September,October,November,December,1880,,,,,,,,,,,,
,,,,,,,,,,,,,,,,,,,,,,,,,
1,764.4,770.7,756.9,754.7,758.1,760.2,758.7,754.6,762.4,765.9,761.8,770,1,10189.464256,10273.457368,10089.472456,10060.141528,10105.471144000001,10133.468848,10113.470488,10058.808304,10162.799776,10209.462615999999,10154.800432,10264.1248
2,767.7,770.2,758.4,757.6,753.6,762.7,761.2,752.2,765.8,763.7,759.2,766.9,2,10233.460648,10266.791248,10109.470816,10098.805024000001,10045.476064,10166.799448,10146.801088,10026.810928,10208.129391999999,10180.131688000001,10120.136608,10222.794855999999
3,768.9,770.4,763.1,758.5,752.5,760,762,749.2,765.8,757,758.9,765.1,3,10249.459335999998,10269.457696,10172.132344,10110.80404,10030.8106,10130.8024,10157.46688,9986.814208,10208.129391999999,10090.80568,10116.136936,10198.796824000001
4,767.4,770.2,760.4,757.7,748.3,757.3,760.6,750.7,765.4,759.3,761.1,767,4,10229.460976,10266.791248,10136.135296,10100.138248000001,9974.815192,10094.805352,10138.801744,10006.812568000001,10202.796495999999,10121.469831999999,10145.467864,10224.12808
5,771.5,767.7,761.1,752.2,755.7,755.5,758.3,758.7,766.2,763,762.7,767.7,5,10284.12316,10233.460648,10145.467864,10026.810928,10073.473768000002,10070.80732,10108.137592,10113.470488,10213.462288,10170.79912,10166.799448,10233.460648
6,771.7,763.2,764,749.1,756.1,758.7,758.8,760.1,765.8,762.3,764,767.9,6,10286.789608,10173.465568,10184.13136,9985.480984000002,10078.806664,10113.470488,10114.803711999999,10132.135624,10208.129391999999,10161.466552,10184.13136,10236.127096
7,773.1,760,767,748.4,753.2,762.1,759.5,753.3,762.9,760.7,767.2,769.8,7,10305.454743999999,10130.8024,10224.12808,9976.148416,10040.143168,10158.800104,10124.13628,10041.476392,10169.465896,10140.134968,10226.794528,10261.458351999998
8,772.2,759.7,765.6,748.8,747.3,761.7,757.9,750.3,759.7,760.1,767.3,769.9,8,10293.455727999999,10126.802728,10205.462944,9981.481312,9961.482952,10153.467208,10102.804696,10001.479672,10126.802728,10132.135624,10228.127751999999,10262.791576
9,768.8,759.2,769.2,752.4,749.2,760.5,759.1,753.7,759.6,760.9,764.2,767.7,9,10248.126111999998,10120.136608,10253.459008,10029.477375999999,9986.814208,10137.46852,10118.803384,10046.809288,10125.469504,10142.801416,10186.797808000001,10233.460648
10,768.5,758.9,772.4,755.7,753,762.4,760.8,756.7,760.6,762.1,760.8,757.1,10,10244.12644,10116.136936,10296.122175999999,10073.473768000002,10037.476719999999,10162.799776,10141.468192,10086.806008000001,10138.801744,10158.800104,10141.468192,10092.138904000001
11,772.4,759.7,767.4,755.9,757.7,760.8,761.3,754.8,758.2,764,764.2,760,11,10296.122175999999,10126.802728,10229.460976,10076.140216,10100.138248000001,10141.468192,10148.134312,10061.474751999998,10106.804368000001,10184.13136,10186.797808000001,10130.8024
12,773,761.4,766.1,752.2,757.3,758.1,761.6,757.1,757.6,763,764.3,763.2,12,10304.121519999999,10149.467536,10212.129064,10026.810928,10094.805352,10105.471144000001,10152.133984,10092.138904000001,10098.805024000001,10170.79912,10188.131032,10173.465568
13,774.2,761.3,771.6,755.1,755.4,759.5,760,757.3,758.1,760.1,759,760.7,13,10320.120208,10148.134312,10285.456384,10065.474424,10069.474096,10124.13628,10130.8024,10094.805352,10105.471144000001,10132.135624,10117.47016,10140.134968
14,766.4,762.9,770.4,765.2,755.6,759.9,758.1,755.5,757.7,758,761.6,758.5,14,10216.128735999999,10169.465896,10269.457696,10200.130048,10072.140544,10129.469176,10105.471144000001,10070.80732,10100.138248000001,10104.137920000001,10152.133984,10110.80404
15,758.6,763.4,765.2,767.5,755.7,757.6,758.6,756.2,759.3,757.9,759.6,756.7,15,10112.137264,10176.132016,10200.130048,10230.7942,10073.473768000002,10098.805024000001,10112.137264,10080.139888000002,10121.469831999999,10102.804696,10125.469504,10086.806008000001
16,760.1,761.3,766.4,761.9,755.5,756,759.7,757.3,754.3,762.5,760.6,759.7,16,10132.135624,10148.134312,10216.128735999999,10156.133656,10070.80732,10077.47344,10126.802728,10094.805352,10054.808632,10164.133,10138.801744,10126.802728
17,760.2,761.2,762.6,759.2,758.8,761.6,760.4,757.6,758,762.5,754.8,758.8,17,10133.468848,10146.801088,10165.466224,10120.136608,10114.803711999999,10152.133984,10136.135296,10098.805024000001,10104.137920000001,10164.133,10061.474751999998,10114.803711999999
18,757.4,757.4,760.2,759.2,754.3,760.6,760.6,757.5,759.5,763.3,747.5,759.5,18,10096.138576,10096.138576,10133.468848,10120.136608,10054.808632,10138.801744,10138.801744,10097.4718,10124.13628,10174.798792,9964.1494,10124.13628
19,760.7,756.9,767.2,761.7,751.2,756.6,761.1,756.5,762.3,760.8,757.9,765.4,19,10140.134968,10089.472456,10226.794528,10153.467208,10013.478688000001,10085.472784000001,10145.467864,10084.13956,10161.466552,10141.468192,10102.804696,10202.796495999999
20,769.6,763.3,762.9,762.5,753,753.4,761.5,758.4,759.2,756.6,758.6,764.4,20,10258.791904,10174.798792,10169.465896,10164.133,10037.476719999999,10042.809615999999,10150.80076,10109.470816,10120.136608,10085.472784000001,10112.137264,10189.464256
21,769.2,763.1,761,763.4,756.2,752.4,759.2,759.8,752.8,757.1,761.9,761.8,21,10253.459008,10172.132344,10144.13464,10176.132016,10080.139888000002,10029.477375999999,10120.136608,10128.135952,10034.810271999999,10092.138904000001,10156.133656,10154.800432
22,768.7,763,759.6,762.2,759,754.8,757,759.2,760,758.2,761,752.3,22,10246.792888,10170.79912,10125.469504,10160.133328,10117.47016,10061.474751999998,10090.80568,10120.136608,10130.8024,10106.804368000001,10144.13464,10028.144152
23,765.8,757.8,765.5,760,759.7,757.6,754.4,758.2,759.6,756.8,764.9,760.5,23,10208.129391999999,10101.471472,10204.129719999999,10130.8024,10126.802728,10098.805024000001,10056.141855999998,10106.804368000001,10125.469504,10088.139232,10196.130376,10137.46852
24,769.4,753.7,769.4,761.1,764.6,759.7,758.5,759.5,757.6,753.2,769.4,760,24,10256.125456,10046.809288,10256.125456,10145.467864,10192.130704,10126.802728,10110.80404,10124.13628,10098.805024000001,10040.143168,10256.125456,10130.8024
25,767.7,759.1,767.8,760.7,768,758,760.7,759.6,760.8,756.4,769.1,754.8,25,10233.460648,10118.803384,10234.793871999998,10140.134968,10237.46032,10104.137920000001,10140.134968,10125.469504,10141.468192,10082.806336,10252.125784,10061.474751999998
26,767.8,763.6,764.8,757.3,766.2,758.4,760.3,760.5,761.2,763.8,767.2,750.3,26,10234.793871999998,10178.798464,10194.797152,10094.805352,10213.462288,10109.470816,10134.802072,10137.46852,10146.801088,10181.464912,10226.794528,10001.479672
27,769.1,757.2,763.5,753.1,762.7,755.1,754.7,759.7,762.6,764.4,765.5,758.4,27,10252.125784,10093.472128000001,10177.46524,10038.809944,10166.799448,10065.474424,10060.141528,10126.802728,10165.466224,10189.464256,10204.129719999999,10109.470816
28,771.5,754.2,762.6,753.6,761.1,758.1,755.3,762,761.8,760.6,767.4,765.3,28,10284.12316,10053.475408,10165.466224,10045.476064,10145.467864,10105.471144000001,10068.140872,10157.46688,10154.800432,10138.801744,10229.460976,10201.463271999999
29,773,756.5,761.7,758.2,759.5,760.9,756.9,761.5,762.8,754.6,770.5,765.9,29,10304.121519999999,10084.13956,10153.467208,10106.804368000001,10124.13628,10142.801416,10089.472456,10150.80076,10168.132672,10058.808304,10270.79092,10209.462615999999
30,770.5,,756.4,759.1,756.5,758.6,758.9,756.4,764.5,750.1,772.1,763.7,30,10270.79092,,10082.806336,10118.803384,10084.13956,10112.137264,10116.136936,10082.806336,10190.79748,9998.813224000001,10292.122503999999,10180.131688000001
31,770.8,,750.8,,756.2,,757.1,755.9,,759.6,,760,31,10274.790592,,10008.145792,,10080.139888000002,,,10076.140216,,10125.469504,,10130.8024
,,,,,,,,,,,,,,10238.449486193547,10152.501769931034,10182.927157677417,10097.116273599999,10084.01053832258,10112.492790400003,10120.0032856,10087.79517419355,10140.6238168,10130.157291612903,10168.265994399999,10160.477385806451
,,,,,,,,,,,,,,,,,,,,,,,,,
,,,,,,,,,,,,,,,,,,,,,,,,,
1881,January,February,March,April,May,June,July,August,September,October,November,December,,,,,,,,,,,,,
,,,,,,,,,,,,,1881,,,,,,,,,,,,
1,760.8,750.2,755.9,759.1,765.2,760.8,758.3,761,755.2,757.2,751.5,768.4,1,10141.468192,10000.146448,10076.140216,10118.803384,10200.130048,10141.468192,10108.137592,10144.13464,10066.807648,10093.472128000001,10017.478360000001,10242.793215999998
2,764.1,753.4,752.8,753.9,764.9,759.7,758.5,760.4,752.3,756.8,747,766.7,2,10185.464584,10042.809615999999,10034.810271999999,10049.475736,10196.130376,10126.802728,10110.80404,10136.135296,10028.144152,10088.139232,9957.48328,10220.128408
3,767.3,757.9,760.7,753.9,761.9,760.6,762.4,760.5,752.3,755,758.6,764.9,3,10228.127751999999,10102.804696,10140.134968,10049.475736,10156.133656,10138.801744,10162.799776,10137.46852,10028.144152,10064.1412,10112.137264,10196.130376
4,768,759,764.2,753.5,760.3,761.6,763.9,762.4,756.7,755.1,766.9,766.3,4,10237.46032,10117.47016,10186.797808000001,10044.14284,10134.802072,10152.133984,10182.798136,10162.799776,10086.806008000001,10065.474424,10222.794855999999,10214.795511999999
5,764,756.7,761.7,754.7,759.7,761.5,764.3,763.7,755.7,758,771.9,768.7,5,10184.13136,10086.806008000001,10153.467208,10060.141528,10126.802728,10150.80076,10188.131032,10180.131688000001,10073.473768000002,10104.137920000001,10289.456055999999,10246.792888
6,760.1,752.1,762.1,752.6,762.8,757.3,762.1,762.4,759.4,760.8,772.4,769.1,6,10132.135624,10025.477704,10158.800104,10032.143824,10168.132672,10094.805352,10158.800104,10162.799776,10122.803056,10141.468192,10296.122175999999,10252.125784
7,761.4,751.8,761.4,751.3,766.5,749.3,760.3,760.2,758.8,763.4,768.6,766.6,7,10149.467536,10021.478031999999,10149.467536,10014.811912,10217.46196,9988.147432,10134.802072,10133.468848,10114.803711999999,10176.132016,10245.459664,10218.795184
8,757,756.5,761.1,757.5,763.8,750,759.2,757.9,759.8,764.3,762.1,756.8,8,10090.80568,10084.13956,10145.467864,10097.4718,10181.464912,9997.48,10120.136608,10102.804696,10128.135952,10188.131032,10158.800104,10088.139232
9,756.5,748.1,759.4,761,758.3,749.6,759,756.6,757.4,761.7,761,754.3,9,10084.13956,9972.148744000002,10122.803056,10144.13464,10108.137592,9992.147104,10117.47016,10085.472784000001,10096.138576,10153.467208,10144.13464,10054.808632
10,759.6,753,762.7,759.7,755,753.7,758.8,757.8,758,755.7,762.1,759.7,10,10125.469504,10037.476719999999,10166.799448,10126.802728,10064.1412,10046.809288,10114.803711999999,10101.471472,10104.137920000001,10073.473768000002,10158.800104,10126.802728
11,756.2,747.6,759.4,757.3,756.5,757.1,760.5,756,758,753.5,765.5,758.4,11,10080.139888000002,9965.482624,10122.803056,10094.805352,10084.13956,10092.138904000001,10137.46852,10077.47344,10104.137920000001,10044.14284,10204.129719999999,10109.470816
12,751.4,743.4,758,756.7,758.9,759.3,764.5,756.6,760.7,755.4,767.6,754.3,12,10016.145136,9909.487216,10104.137920000001,10086.806008000001,10116.136936,10121.469831999999,10190.79748,10085.472784000001,10140.134968,10069.474096,10232.127424,10054.808632
13,748.9,749.4,754.2,759.3,757.1,761,763.3,754.3,764.8,757.4,768,761.3,13,9982.814536,9989.480656,10053.475408,10121.469831999999,10092.138904000001,10144.13464,10174.798792,10054.808632,10194.797152,10096.138576,10237.46032,10148.134312
14,745.4,757.7,757.7,761.7,756.2,762.1,763.2,752.6,764.1,759.8,765.7,764.7,14,9936.151695999999,10100.138248000001,10100.138248000001,10153.467208,10080.139888000002,10158.800104,10173.465568,10032.143824,10185.464584,10128.135952,10206.796168,10193.463928000001
15,741.2,761.9,764.5,763.8,757.4,759.7,764.9,749.3,760.2,757.6,766.4,761.5,15,9880.156288,10156.133656,10190.79748,10181.464912,10096.138576,10126.802728,10196.130376,9988.147432,10133.468848,10098.805024000001,10216.128735999999,10150.80076
16,748.7,765.8,765.7,763,758.6,761,762,756.3,757.8,754.6,768.1,756.8,16,9980.148088000002,10208.129391999999,10206.796168,10170.79912,10112.137264,10144.13464,10157.46688,10081.473112,10101.471472,10058.808304,10238.793544000002,10088.139232
17,760.3,764.7,767.2,762.8,756.8,759.9,758.5,758.3,758.1,757.8,765.5,760.8,17,10134.802072,10193.463928000001,10226.794528,10168.132672,10088.139232,10129.469176,10110.80404,10108.137592,10105.471144000001,10101.471472,10204.129719999999,10141.468192
18,760.3,763.5,769,763.3,757.7,760.7,759.3,751.7,762.7,762,760.1,761.9,18,10134.802072,10177.46524,10250.79256,10174.798792,10100.138248000001,10140.134968,10121.469831999999,10020.144808000001,10166.799448,10157.46688,10132.135624,10156.133656
19,751.8,764.8,766.2,754.9,759,760.5,760.8,757.6,763.4,760.4,767.1,756.9,19,10021.478031999999,10194.797152,10213.462288,10062.807976,10117.47016,10137.46852,10141.468192,10098.805024000001,10176.132016,10136.135296,10225.461304,10089.472456
20,748.5,766.9,762.7,748.2,758.8,760.9,758.8,761.5,760.4,763.5,771.1,754.9,20,9977.48164,10222.794855999999,10166.799448,9973.481968,10114.803711999999,10142.801416,10114.803711999999,10150.80076,10136.135296,10177.46524,10278.790264,10062.807976
21,754.8,767.8,756.3,748.3,760.2,762.1,757.2,761.5,756.9,756.1,770.4,751.9,21,10061.474751999998,10234.793871999998,10081.473112,9974.815192,10133.468848,10158.800104,10093.472128000001,10150.80076,10089.472456,10078.806664,10269.457696,10022.811256
22,763.4,768.1,747.2,749.6,761,763.2,756.6,759.9,755.3,755.5,769.1,757.1,22,10176.132016,10238.793544000002,9960.149728,9992.147104,10144.13464,10173.465568,10085.472784000001,10129.469176,10068.140872,10070.80732,10252.125784,10092.138904000001
23,750.4,767.3,757.3,753.4,759.3,761.3,755.7,759.9,756.5,756.6,768.7,759.8,23,10002.812896,10228.127751999999,10094.805352,10042.809615999999,10121.469831999999,10148.134312,10073.473768000002,10129.469176,10084.13956,10085.472784000001,10246.792888,10128.135952
24,762.9,766.2,768.1,754.3,759.7,761.9,759.4,760.1,760.1,750.8,770.3,754.2,24,10169.465896,10213.462288,10238.793544000002,10054.808632,10126.802728,10156.133656,10122.803056,10132.135624,10132.135624,10008.145792,10268.124472,10053.475408
25,769.3,763.6,758.8,761.1,759.4,762.2,758,757.4,757.8,746.4,771.2,758.9,25,10254.792231999998,10178.798464,10114.803711999999,10145.467864,10122.803056,10160.133328,10104.137920000001,10096.138576,10101.471472,9949.483936,10280.123488,10116.136936
26,757.8,761,755.3,761.9,757.9,758.6,756.5,756.4,759.4,750.8,767.3,768.3,26,10101.471472,10144.13464,10068.140872,10156.133656,10102.804696,10112.137264,10084.13956,10082.806336,10122.803056,10008.145792,10228.127751999999,10241.459991999998
27,758.6,758.2,754.3,754.3,755.6,754.3,754.2,756.6,761.2,755.5,764.6,774,27,10112.137264,10106.804368000001,10054.808632,10054.808632,10072.140544,10054.808632,10053.475408,10085.472784000001,10146.801088,10070.80732,10192.130704,10317.453759999999
28,754.3,756.4,752.6,750.9,753.3,755.5,756.8,754.1,761,757.4,762.7,770.2,28,10054.808632,10082.806336,10032.143824,10009.479016000001,10041.476392,10070.80732,10088.139232,10052.142184,10144.13464,10096.138576,10166.799448,10266.791248
29,754,,757.4,758.3,754.9,758.8,765.8,758.7,763.3,756.8,764.7,767.7,29,10050.80896,,10096.138576,10108.137592,10062.807976,10114.803711999999,10208.129391999999,10113.470488,10174.798792,10088.139232,10193.463928000001,10233.460648
30,750.3,,754.7,762.7,758.7,757.3,764.2,763.2,758.3,751.1,768.7,766.6,30,10001.479672,,10060.141528,10166.799448,10113.470488,10094.805352,10186.797808000001,10173.465568,10108.137592,10012.145464000001,10246.792888,10218.795184
31,747.4,,753.3,,761.5,,761.3,758.4,,747.4,,766.5,31,9962.816176,,10041.476392,,10150.80076,,10148.134312,10109.470816,,9962.816176,,10217.46196
,,,,,,,,,,,,,,10085.515791225807,10108.423282857142,10123.018092129034,10087.694824000002,10120.86773083871,10113.692692000002,10134.371999741932,10106.417302967744,10115.5147648,10085.38676954839,10204.0852792,10160.133328
