"DWR French Records",,,,,,,,,,,,,,,,,,,,,,,,,
,,,,,,,,,,,,,,,,,,,,,,,,,
ROME,,,,,,,,,,,,,,,,,,,,,,,,,
,,,,,,,,,,,,,,,,,,,,,,,,,
1869,January,February,March,April,May,June,July,August,September,October,November,December,1869,,,,,,,,,,,,
,,,,,,,,,,,,,,,,,,,,,,,,,
1,767.5,771.2,753,755.9,760.2,762.2,759.2,763.1,765,765.6,766.4,751.5,1,10229.7942,10279.123488000001,10036.476719999999,10075.140216,10132.468848,10159.133328,10119.136608,10171.132344,10196.4636,10204.462944,10215.128735999999,10016.47836
2,773.6,765.3,752.9,756.5,764,760.9,,761,759.5,767,765.8,743.1,2,10311.120864,10200.463271999999,10035.143495999999,10083.13956,10183.13136,10141.801416,,10143.13464,10123.13628,10223.12808,10207.129391999999,9904.487544
3,775.9,765,738.2,756.3,763.9,763.7,761.5,757.5,758.6,765.5,764.9,748.7,3,10341.785015999998,10196.4636,9839.159568,10080.473112,10181.798136,10179.131688000001,10149.80076,10096.4718,10111.137264,10203.129719999999,10195.130376,9979.148088
4,773.2,770.8,748.2,756.6,765.5,763.5,761.3,762.4,766,765.3,755.3,762.4,4,10305.787968,10273.790592000001,9972.481968,10084.472784000001,10203.129719999999,10176.46524,10147.134312,10161.799776,10209.79584,10200.463271999999,10067.140871999998,10161.799776
5,770.8,775.3,758.2,756.7,761.1,766.4,761.6,764.5,767.5,764.5,750.2,768.7,5,10273.790592000001,10333.785671999998,10105.804368000001,10085.806008000001,10144.467864,10215.128735999999,10151.133984,10189.79748,10229.7942,10189.79748,9999.146448,10245.792888
6,773.8,775.6,756.8,765,762.2,769.2,763.7,762.6,766.8,763.4,761,774.3,6,10313.787312,10337.785344000002,10087.139232,10196.4636,10159.133328,10252.459008000002,10179.131688000001,10164.466224,10220.461631999999,10175.132016,10143.13464,10320.453431999998
7,772.2,774.1,754.4,765.6,759.6,769.1,765,761.4,759.4,767.2,761.4,773.6,7,10292.455728,10317.786983999998,10055.141855999998,10204.462944,10124.469504,10251.125784,10196.4636,10148.467536,10121.803056,10225.794528,10148.467536,10311.120864
8,767.6,771.2,757,767,759.9,767.4,766.8,762.6,762.7,768,764.7,768.6,8,10231.127424,10279.123488000001,10089.80568,10223.12808,10128.469176,10228.460976,10220.461631999999,10164.466224,10165.799448,10236.46032,10192.463928000001,10244.459664000002
9,772.8,769.7,755.9,766.6,761,763.3,767.4,761.6,766.6,767.6,766.5,766.3,9,10300.455072,10259.125128,10075.140216,10217.795184,10143.13464,10173.798792,10228.460976,10151.133984,10217.795184,10231.127424,10216.46196,10213.795511999999
10,770.4,771.7,747.4,768.4,761.8,761.6,767.5,758.5,766.7,768.5,763.3,764,10,10268.457696000001,10285.789608,9961.816176,10241.793215999998,10153.800432,10151.133984,10229.7942,10109.80404,10219.128408,10243.12644,10173.798792,10183.13136
11,768.2,772,746.2,770,759.6,759.2,767.1,755.4,761.6,772.8,757,761.6,11,10239.126768000002,10289.78928,9945.817488,10263.124800000001,10124.469504,10119.136608,10224.461304,10068.474096,10151.133984,10300.455072,10089.80568,10151.133984
12,768.4,769.1,747.8,772,762.4,759.9,765,756.4,759.4,771.9,766.4,758.5,12,10241.793215999998,10251.125784,9967.149072,10289.78928,10161.799776,10128.469176,10196.4636,10081.806336,10121.803056,10288.456055999999,10215.128735999999,10109.80404
13,766.8,762.9,749.4,772.5,763,760.8,765.2,765.8,762.3,772.1,778,753.2,13,10220.461631999999,10168.465896,9988.480656,10296.455399999999,10169.79912,10140.468192,10199.130048,10207.129391999999,10160.466552,10291.122503999999,10369.782720000001,10039.143168
14,766.3,764.6,759.3,769.6,761.4,762.1,762.9,762.9,763.8,768.6,775.8,764.2,14,10213.795511999999,10191.130704,10120.469831999999,10257.791904000002,10148.467536,10157.800104,10168.465896,10168.465896,10180.464912,10244.459664000002,10340.451792,10185.797808000001
15,766.4,771.4,745.3,766.2,760.7,762.8,763.8,760,765.1,764.5,769,767.7,15,10215.128735999999,10281.789936000001,9933.818471999999,10212.462288,10139.134968,10167.132672,10180.464912,10129.8024,10197.796824000001,10189.79748,10249.792560000002,10232.460648
16,767.9,773.1,745.9,760.8,758,765.6,763.8,757.6,764.5,765.3,765.5,767.7,16,10235.127096,10304.454743999999,9941.817815999999,10140.468192,10103.137920000001,10204.462944,10180.464912,10097.805024000001,10189.79748,10200.463271999999,10203.129719999999,10232.460648
17,763.2,773.2,748.6,752.6,758.6,767.7,762.7,761.8,762.7,764.5,766.6,764.9,17,10172.465568,10305.787968,9977.814864,10031.143824,10111.137264,10232.460648,10165.799448,10153.800432,10165.799448,10189.79748,10217.795184,10195.130376
18,768,772.4,751.8,746,763.1,765,759.5,762.9,765.3,758.2,771.7,762.8,18,10236.46032,10295.122176,10020.478031999999,9943.15104,10171.132344,10196.4636,10123.13628,10168.465896,10200.463271999999,10105.804368000001,10285.789608,10167.132672
19,769,769.6,757.3,752.8,765,760.2,761.1,761.7,763.3,756.6,772.7,763.4,19,10249.792560000002,10257.791904000002,10093.805352,10033.810271999999,10196.4636,10132.468848,10144.467864,10152.467208,10173.798792,10084.472784000001,10299.121847999999,10175.132016
20,774.6,765.6,754.1,760.5,763.1,758.2,761.8,762,760,755.9,768.4,762.4,20,10324.453104,10204.462944,10051.142184,10136.46852,10171.132344,10105.804368000001,10153.800432,10156.46688,10129.8024,10075.140216,10241.793215999998,10161.799776
21,766.1,760.3,745.6,762.7,761.5,761.2,763.6,763.8,755.6,755.9,761.6,758.4,21,10211.129064,10133.802072,9937.818144,10165.799448,10149.80076,10145.801088,10177.798464,10180.464912,10071.140544,10075.140216,10151.133984,10108.470816
22,759.3,751,748.7,763.4,763,763.9,762.2,765.2,758.8,756.1,756.7,750.7,22,10120.469831999999,10009.81224,9979.148088,10175.132016,10169.79912,10181.798136,10159.133328,10199.130048,10113.803711999999,10077.806664,10085.806008000001,10005.812568
23,757.6,763.4,752.8,765.6,764.2,764,762,764.1,763.4,759.4,757.6,753.5,23,10097.805024000001,10175.132016,10033.810271999999,10204.462944,10185.797808000001,10183.13136,10156.46688,10184.464584,10175.132016,10121.803056,10097.805024000001,10043.14284
24,760.6,763.7,743.7,764.8,760.8,764.4,761.2,764.1,767.3,763.5,755.6,756.8,24,10137.801744,10179.131688000001,9912.486888000001,10193.797152,10140.468192,10188.464256,10145.801088,10184.464584,10227.127751999999,10176.46524,10071.140544,10087.139232
25,764.3,767.6,753,762.9,757.8,762.1,760,764.5,767.9,759.1,756.7,750.8,25,10187.131032,10231.127424,10036.476719999999,10168.465896,10100.471472,10157.800104,10129.8024,10189.79748,10235.127096,10117.803384,10085.806008000001,10007.145792
26,766.3,769.7,757,762.4,759.2,762,760.8,764.8,769.2,761,758.2,750,26,10213.795511999999,10259.125128,10089.80568,10161.799776,10119.136608,10156.46688,10140.468192,10193.797152,10252.459008000002,10143.13464,10105.804368000001,9996.48
27,767.3,765,753.4,765.6,763.3,762.3,762.7,764.9,769.2,755,764.6,751.8,27,10227.127751999999,10196.4636,10041.809615999999,10204.462944,10173.798792,10160.466552,10165.799448,10195.130376,10252.459008000002,10063.1412,10191.130704,10020.478031999999
28,767.4,762.5,747.6,767.3,764.3,760.8,763.7,764.5,767.7,756,763.6,753.4,28,10228.460976,10163.133,9964.482624,10227.127751999999,10187.131032,10140.468192,10179.131688000001,10189.79748,10232.460648,10076.47344,10177.798464,10041.809615999999
29,764.2,,754,764.8,763.7,763.5,767,763.1,765.6,760.8,758.3,763.1,29,10185.797808000001,,10049.80896,10193.797152,10179.131688000001,10176.46524,10223.12808,10171.132344,10204.462944,10140.468192,10107.137592,10171.132344
30,762.4,,757.7,761.8,762.6,757.6,767,,767.9,761.4,759.1,772.2,30,10161.799776,,10099.138248000001,10153.800432,10164.466224,10097.805024000001,10223.12808,,10235.127096,10148.467536,10117.803384,10292.455728
31,769.6,,757.3,,762,,766.1,765.2,,765.4,,766.8,31,10257.791904000002,,10093.805352,,10156.46688,,10211.129064,10199.130048,,10201.796495999999,,10220.461631999999
,,,,,,,,,,,,,,10233.75086477419,10237.888774285715,10017.338504516129,10164.866191200003,10154.101482580647,10170.065764800001,10175.6653056,10159.0888872,10182.8647152,10175.648102709678,10175.398660800001,10136.296491096771
,,,,,,,,,,,,,,,,,,,,,,,,,
,,,,,,,,,,,,,,,,,,,,,,,,,
1870,January,February,March,April,May,June,July,August,September,October,November,December,1870,,,,,,,,,,,,
,,,,,,,,,,,,,,,,,,,,,,,,,
1,764.7,772.8,766.3,755.2,760.1,761.8,763.9,759.5,763.1,770,748.8,760.9,1,10192.463928000001,10300.455072,10213.795511999999,10065.807648,10131.135624,10153.800432,10181.798136,10123.13628,10171.132344,10263.124800000001,9980.481312,10141.801416
2,766,773.2,768,759.6,759.4,759.7,761.9,760.8,763.1,,744.6,756,2,10209.79584,10305.787968,10236.46032,10124.469504,10121.803056,10125.802728,10155.133656,10140.468192,10171.132344,,9924.485904000001,10076.47344
3,760.3,769.2,763.7,765.3,763.5,761.8,759.8,761.2,763.6,770.5,758.6,755.8,3,10133.802072,10252.459008000002,10179.131688000001,10200.463271999999,10176.46524,10153.800432,10127.135952,10145.801088,10177.798464,10269.79092,10111.137264,10073.806992
4,765.2,767.2,761.2,768.4,764.5,764.9,761,758.6,764.7,772,762.8,763.9,4,10199.130048,10225.794528,10145.801088,10241.793215999998,10189.79748,10195.130376,10143.13464,10111.137264,10192.463928000001,10289.78928,10167.132672,10181.798136
5,770.6,763.9,761.9,773,763,763.7,765.1,758.6,764.8,773,763.7,766.9,5,10271.124144000001,10181.798136,10155.133656,10303.12152,10169.79912,10179.131688000001,10197.796824000001,10111.137264,10193.797152,10303.12152,10179.131688000001,10221.794855999999
6,769.9,765.3,758.1,773.9,760.6,757.8,766.1,759.9,764.8,769.5,764,759.9,6,10261.791576,10200.463271999999,10104.471144000001,10315.120535999999,10137.801744,10100.471472,10211.129064,10128.469176,10193.797152,10256.45868,10183.13136,10128.469176
7,764,765.5,751,770.4,759.3,761.8,764.5,758.5,764.5,766,762.1,750.8,7,10183.13136,10203.129719999999,10009.81224,10268.457696000001,10120.469831999999,10153.800432,10189.79748,10109.80404,10189.79748,10209.79584,10157.800104,10007.145792
8,766,756.7,763.7,761.8,765.2,764.1,763,758.5,759.1,764.5,761.3,741,8,10209.79584,10085.806008000001,10179.131688000001,10153.800432,10199.130048,10184.464584,10169.79912,10109.80404,10117.803384,10189.79748,10147.134312,9876.48984
9,766.2,755.8,760.4,760.5,765,760.5,763.5,757.8,765.2,760,762.1,747.8,9,10212.462288,10073.806992,10135.135296,10136.46852,10196.4636,10136.46852,10176.46524,10100.471472,10199.130048,10129.8024,10157.800104,9967.149072
10,761.1,750.4,756.7,759.6,760.7,759.2,763.6,761,765.3,753.1,753.1,758.8,10,10144.467864,10001.812896,10085.806008000001,10124.469504,10139.134968,10119.136608,10177.798464,10143.13464,10200.463271999999,10037.809944,10037.809944,10113.803711999999
11,761.5,760.7,751.8,761,756.8,762.2,762.2,761.2,765.8,751.9,750.9,762,11,10149.80076,10139.134968,10020.478031999999,10143.13464,10087.139232,10159.133328,10159.133328,10145.801088,10207.129391999999,10021.811255999999,10008.479016,10156.46688
12,764.6,760.9,751.7,763.6,757.9,767.8,760.4,759.1,765.5,761.2,754,763.8,12,10191.130704,10141.801416,10019.144808000001,10177.798464,10101.804696,10233.793871999998,10135.135296,10117.803384,10203.129719999999,10145.801088,10049.80896,10180.464912
13,760.9,757.8,751.9,761,764.9,768.1,757.9,759.9,763.9,768.1,763.5,764,13,10141.801416,10100.471472,10021.811255999999,10143.13464,10195.130376,10237.793544,10101.804696,10128.469176,10181.798136,10237.793544,10176.46524,10183.13136
14,759.4,753.1,749.5,761.8,770.4,767.2,760.1,760.3,763,761.6,754.7,765,14,10121.803056,10037.809944,9989.81388,10153.800432,10268.457696000001,10225.794528,10131.135624,10133.802072,10169.79912,10151.133984,10059.141528,10196.4636
15,764.6,751,759.4,760,768.6,766.4,761.8,,758.5,762.5,763.3,765,15,10191.130704,10009.81224,10121.803056,10129.8024,10244.459664000002,10215.128735999999,10153.800432,,10109.80404,10163.133,10173.798792,10196.4636
16,766.6,757.1,764.9,762.5,766.1,766,761.8,755.8,762,757.8,758,765.5,16,10217.795184,10091.138904000001,10195.130376,10163.133,10211.129064,10209.79584,10153.800432,10073.806992,10156.46688,10100.471472,10103.137920000001,10203.129719999999
17,762,761.8,765.7,762.6,767.6,766.3,760.2,755.6,767,761.5,757.3,763.9,17,10156.46688,10153.800432,10205.796168,10164.466224,10231.127424,10213.795511999999,10132.468848,10071.140544,10223.12808,10149.80076,10093.805352,10181.798136
18,758,765.9,758.2,765,769.5,764.6,758.5,759.2,768,762.4,758.8,762,18,10103.137920000001,10208.462615999999,10105.804368000001,10196.4636,10256.45868,10191.130704,10109.80404,10119.136608,10236.46032,10161.799776,10113.803711999999,10156.46688
19,755.8,758.4,759.5,766.1,769.1,764.1,759.3,756.4,764,766.3,763.5,763,19,10073.806992,10108.470816,10123.13628,10211.129064,10251.125784,10184.464584,10120.469831999999,10081.806336,10183.13136,10213.795511999999,10176.46524,10169.79912
20,761,756.6,762.6,769.6,768.5,765.7,762.3,756.7,768,767.5,764,758.2,20,10143.13464,10084.472784000001,10164.466224,10257.791904000002,10243.12644,10205.796168,10160.466552,10085.806008000001,10236.46032,10229.7942,10183.13136,10105.804368000001
21,763.8,753.7,766.1,770,767.1,766.7,764,758.9,769,759,765.9,751.8,21,10180.464912,10045.809288,10211.129064,10263.124800000001,10224.461304,10219.128408,10183.13136,10115.136936,10249.792560000002,10116.47016,10208.462615999999,10020.478031999999
22,762.6,741,764.7,769.9,764.9,764.3,761.5,,760,759.2,763.8,743.7,22,10164.466224,9876.48984,10192.463928000001,10261.791576,10195.130376,10187.131032,10149.80076,,10129.8024,10119.136608,10180.464912,9912.486888000001
23,755,761.7,758,770.4,762.8,762.8,761,762.7,765,763.9,765.1,746.1,23,10063.1412,10152.467208,10103.137920000001,10268.457696000001,10167.132672,10167.132672,10143.13464,10165.799448,10196.4636,10181.798136,10197.796824000001,9944.484264
24,755.6,762.3,749,770,762.4,763.5,762.9,760.9,770,753.5,764.2,746.3,24,10071.140544,10160.466552,9983.14776,10263.124800000001,10161.799776,10176.46524,10168.465896,10141.801416,10263.124800000001,10043.14284,10185.797808000001,9947.150711999999
25,757,754.8,748.3,767.2,764,760.6,763,758.5,768,756.9,768.5,754.7,25,10089.80568,10060.474751999998,9973.815192,10225.794528,10183.13136,10137.801744,10169.79912,10109.80404,10236.46032,10088.472456,10243.12644,10059.141528
26,759,758.6,752.4,767.3,762.4,763.5,761.2,756.6,767,760.6,768.8,748,26,10116.47016,10111.137264,10028.477375999999,10227.127751999999,10161.799776,10176.46524,10145.801088,10084.472784000001,10223.12808,10137.801744,10247.126111999998,9969.81552
27,758.7,762.7,756.2,765.5,762.9,763.9,759.3,753.5,,758.9,766.4,,27,10112.470488,10165.799448,10079.139888000002,10203.129719999999,10168.465896,10181.798136,10120.469831999999,10043.14284,,10115.136936,10215.128735999999,
28,763,764.2,752.2,759.4,765.5,761.8,757.6,759.7,768,760,763.5,754.5,28,10169.79912,10185.797808000001,10025.810928,10121.803056,10203.129719999999,10153.800432,10097.805024000001,10125.802728,,10129.8024,10176.46524,10056.47508
29,769.1,,750.5,758,766.6,762.1,757.7,761.8,769,758.4,764,747.7,29,10251.125784,,10003.14612,10103.137920000001,10217.795184,10157.800104,10099.138248000001,10153.800432,,10108.470816,10183.13136,9965.815848
30,771.5,,751.8,757.9,763.1,762.2,760,761.7,,764.1,763.3,753.8,30,10283.12316,,10020.478031999999,10101.804696,10171.132344,10159.133328,10129.8024,10152.467208,,10184.464584,10173.798792,10047.142511999999
31,772.1,,752.1,,762.8,,761.2,760.4,,761.4,,760.3,31,10291.122503999999,,10024.477703999999,,10167.132672,,10145.801088,10135.135296,,10148.467536,,10133.802072
,,,,,,,,,,,,,,10171.003322322582,10130.897548285711,10098.622161290325,10190.464091999998,10183.647446709676,10176.509680800002,10149.714745548385,10117.527544551725,10192.822872923078,10163.266322400003,10139.846020799998,10085.850448799998
,,,,,,,,,,,,,,,,,,,,,,,,,
,,,,,"Changes from Mars to Mai?",,,,,,,,,,,,,,,,,,,,
1871,January,February,March,April,May,June,July,August,September,October,November,December,1871,,,,,,,,,,,,
,,,,,,,,,,,,,,,,,,,,,,,,,
1,760.3,771,769,,,760.1,,,,,,,1,10133.802072,10276.457040000001,10249.792560000002,,,10131.135624,,,,,,
2,756.9,771.9,773.5,,,759.5,,,,,,,2,10088.472456,10288.456055999999,10309.787639999999,,,10123.13628,,,,,,
3,754,769.6,776.1,,,753.9,,,,,,,3,10049.80896,10257.791904000002,10344.451464000002,,,10048.475735999999,,,,,,
4,757.9,769,771.9,,,755.1,,,,,,,4,10101.804696,10249.792560000002,10288.456055999999,,,10064.474424,,,,,,
5,758.4,768.2,772,,,757.4,,,,,,,5,10108.470816,10239.126768000002,10289.78928,,,10095.138576,,,,,,
6,756.8,769.7,771.7,,,759.8,,,,,,,6,10087.139232,10259.125128,10285.789608,,,10127.135952,,,,,,
7,756.5,761.5,769.8,,,761.1,,,,,,760.8,7,10083.13956,10149.80076,10260.458351999998,,,10144.467864,,,,,,10140.468192
8,757.9,761.8,770.8,,,759.8,,,,,,764.9,8,10101.804696,10153.800432,10273.790592000001,,,10127.135952,,,,,,10195.130376
9,753.3,760.2,771.2,,,761.8,,,,,,767.4,9,10040.476391999999,10132.468848,10279.123488000001,,,10153.800432,,,,,,10228.460976
10,743.8,754.7,770.1,,,763,,,,,,763.5,10,9913.820112,10059.141528,10264.458024,,,10169.79912,,,,,,10176.46524
11,745.4,751.8,769.4,,,760.2,,,,,,761.9,11,9935.151695999999,10020.478031999999,10255.125456000002,,,10132.468848,,,,,,10155.133656
12,744.8,752.5,772.7,,,761.9,,,,,,767.5,12,9927.152352,10029.810599999999,10299.121847999999,,,10155.133656,,,,,,10229.7942
13,750.2,760.5,770.5,,,760.9,,,,,,771.7,13,9999.146448,10136.46852,10269.79092,,,10141.801416,,,,,,10285.789608
14,752.9,763,,,,763.5,,,,,,772,14,10035.143495999999,10169.79912,,,,10176.46524,,,,,,10289.78928
15,757,766.1,765.7,,,764,,,,,,769.6,15,10089.80568,10211.129064,10205.796168,,,10183.13136,,,,,,10257.791904000002
16,764.6,768.2,760.1,,756.7,763.9,,,,,,765.3,16,10191.130704,10239.126768000002,10131.135624,,10085.806008000001,10181.798136,,,,,,10200.463271999999
17,763.5,769.3,752.7,,,764.1,,,,,751.8,765.3,17,10176.46524,10253.792231999998,10032.477048,,,10184.464584,,,,,10020.478031999999,10200.463271999999
18,760,772.7,,,,767.4,,,,,,765,18,10129.8024,10299.121847999999,,,,10228.460976,,,,,,10196.4636
19,759.4,770.4,,,,763.9,,,,,,769.5,19,10121.803056,10268.457696000001,,,,10181.798136,,,,,,10256.45868
20,757.9,769.2,,,,763.9,,,,,,769.6,20,10101.804696,10252.459008000002,,,,10181.798136,,,,,,10257.791904000002
21,757.1,760.6,,,,761.4,,,,,,769.6,21,10091.138904000001,10137.801744,,,,10148.467536,,,,,,10257.791904000002
22,760.4,766.4,,,,760.6,,,,,,764.6,22,10135.135296,10215.128735999999,,,,10137.801744,,,,,,10191.130704
23,764,772.3,,,,764.9,,,,,,761.4,23,10183.13136,10293.788951999999,,,,10195.130376,,,,,,10148.467536
24,763.4,772.6,,,763.6,758.4,,,,,,766,24,10175.132016,10297.788624,,,10177.798464,10108.470816,,,,,,10209.79584
25,761,771,,,764.7,757.8,,,,,,766.5,25,10143.13464,10276.457040000001,,,10192.463928000001,10100.471472,,,,,,10216.46196
26,754.6,776.5,,,764.6,756.2,,,,,,763.9,26,10057.808304,10349.784360000001,,,10191.130704,10079.139888000002,,,,,,10181.798136
27,754.2,774.3,,,763,759.9,,,,,,762.4,27,10052.475408,10320.453431999998,,,10169.79912,10128.469176,,,,,,10161.799776
28,752.4,770.8,,,761.5,758.4,,,,,,763.7,28,10028.477375999999,10273.790592000001,,,10149.80076,10108.470816,,,,,,10179.131688000001
29,758,,,,764.7,759.9,,,,,,762.3,29,10103.137920000001,,,,10192.463928000001,10128.469176,,,,,,10160.466552
30,764.9,,,,764.5,764.5,,,,,,764.9,30,10195.130376,,,,10189.79748,10189.79748,,,,,,10195.130376
31,767.4,,,,761.8,,,,,,,765.3,31,10228.460976,,,,10153.800432,,,,,,,10200.463271999999
,,,,,,,,,,,,,,10090.622817290323,10218.271335428575,10252.459007999998,,10166.984535999998,10141.890297599999,,,,,10020.478031999999,10206.916076160001
,,,,,,,,,,,,,,,,,,,,,,,,,
,,,,,,,,,,,,,,,,,,,,,,,,,
1872,January,February,March,April,May,June,July,August,September,October,November,December,1872,,,,,,,,,,,,
,,,,,,,,,,,,,,,,,,,,,,,,,
1,764.7,769,769.9,759.2,760.5,761.7,760.4,759.3,760.8,763.8,766.4,757.7,1,10192.463928000001,10249.792560000002,10261.791576,10119.136608,10136.46852,10152.467208,10135.135296,10120.469831999999,10140.468192,10180.464912,10215.128735999999,10099.138248000001
2,766,766.6,768.5,756.6,764.2,760.6,762.1,757.9,765.4,765.3,766.1,758.4,2,10209.79584,10217.795184,10243.12644,10084.472784000001,10185.797808000001,10137.801744,10157.800104,10101.804696,10201.796495999999,10200.463271999999,10211.129064,10108.470816
3,767.5,764.1,767.7,754.5,765.3,758.5,761.8,758.9,765,764.7,762.6,761,3,10229.7942,10184.464584,10232.460648,10056.47508,10200.463271999999,10109.80404,10153.800432,10115.136936,10196.4636,10192.463928000001,10164.466224,10143.13464
4,765.6,764.3,770.7,757,766.3,757.3,760.8,759.3,764.6,763.9,764.9,756.3,4,10204.462944,10187.131032,10272.457368,10089.80568,10213.795511999999,10093.805352,10140.468192,10120.469831999999,10191.130704,10181.798136,10195.130376,10080.473112
5,767.8,768.5,772.3,756.7,764.1,758.3,761.5,763,766.6,762.7,769.2,758.7,5,10233.793871999998,10243.12644,10293.788951999999,10085.806008000001,10184.464584,10107.137592,10149.80076,10169.79912,10217.795184,10165.799448,10252.459008000002,10112.470488
6,767.8,772,767.4,755.9,764,761.4,761.5,764,766.3,765,767.5,764.3,6,10233.793871999998,10289.78928,10228.460976,10075.140216,10183.13136,10148.467536,10149.80076,10183.13136,10213.795511999999,10196.4636,10229.7942,10187.131032
7,766.9,772.8,765.3,758.9,763.9,764.9,761.8,763.4,764.6,766.5,765.4,765.2,7,10221.794855999999,10300.455072,10200.463271999999,10115.136936,10181.798136,10195.130376,10153.800432,10175.132016,10191.130704,10216.46196,10201.796495999999,10199.130048
8,758.9,770.3,761.5,765.6,761,765.4,762.6,758.4,763.1,765.1,766.1,761.7,8,10115.136936,10267.124472,10149.80076,10204.462944,10143.13464,10201.796495999999,10164.466224,10108.470816,10171.132344,10197.796824000001,10211.129064,10152.467208
9,750.3,766.9,759.2,759.8,755.6,762.8,759.8,759,763.2,759.5,766.6,763.3,9,10000.479672,10221.794855999999,10119.136608,10127.135952,10071.140544,10167.132672,10127.135952,10116.47016,10172.465568,10123.13628,10217.795184,10173.798792
10,747,767.3,757.9,754.4,755.8,758.1,758.9,763.5,762.8,753.6,763.4,759.6,10,9956.48328,10227.127751999999,10101.804696,10055.141855999998,10073.806992,10104.471144000001,10115.136936,10176.46524,10167.132672,10044.476064,10175.132016,10124.469504
11,758.6,766.9,758.9,759.4,758.5,758.1,761.8,764.7,762.9,757.8,753.2,756.6,11,10111.137264,10221.794855999999,10115.136936,10121.803056,10109.80404,10104.471144000001,10153.800432,10192.463928000001,10168.465896,10100.471472,10039.143168,10084.472784000001
12,761.8,765.4,757.9,764.4,755.4,760.7,766.3,763.9,767.6,760.3,749.2,757,12,10153.800432,10201.796495999999,10101.804696,10188.464256,10068.474096,10139.134968,10213.795511999999,10181.798136,10231.127424,10133.802072,9985.814208,10089.80568
13,764,762.5,757.6,764.7,763.1,760.2,765.6,763.7,768.2,762.1,755.7,760.2,13,10183.13136,10163.133,10097.805024000001,10192.463928000001,10171.132344,10132.468848,10204.462944,10179.131688000001,10239.126768000002,10157.800104,10072.473768000002,10132.468848
14,764.6,764.5,757.4,764.5,764.4,764,764.2,763.3,765.3,762,758.9,759,14,10191.130704,10189.79748,10095.138576,10189.79748,10188.464256,10183.13136,10185.797808000001,10173.798792,10200.463271999999,10156.46688,10115.136936,10116.47016
15,763.5,762.4,755,761,764.9,767.6,760.6,761.9,761.2,763.2,759.9,753.7,15,10176.46524,10161.799776,10063.1412,10143.13464,10195.130376,10231.127424,10137.801744,10155.133656,10145.801088,10172.465568,10128.469176,10045.809288
16,764.1,757.1,759.3,760.6,763.9,769.3,759.5,761,761.6,762.5,764.5,757.5,16,10184.464584,10091.138904000001,10120.469831999999,10137.801744,10181.798136,10253.792231999998,10123.13628,10143.13464,10151.133984,10163.133,10189.79748,10096.4718
17,764.9,762.5,762.6,756.8,761.9,764.2,761.7,761.3,760.5,763,762.2,760.2,17,10195.130376,10163.133,10164.466224,10087.139232,10155.133656,10185.797808000001,10152.467208,10147.134312,10136.46852,10169.79912,10159.133328,10132.468848
18,759.8,769.8,763.5,755.5,761.1,764,762.6,761.8,761.8,763.3,763.6,754.4,18,10127.135952,10260.458351999998,10176.46524,10069.80732,10144.467864,10183.13136,10164.466224,10153.800432,10153.800432,10173.798792,10177.798464,10055.141855999998
19,754.6,767.9,752.5,756.6,762,761.4,761.4,760.6,761.5,764,763.3,752.9,19,10057.808304,10235.127096,10029.810599999999,10084.472784000001,10156.46688,10148.467536,10148.467536,10137.801744,10149.80076,10183.13136,10173.798792,10035.143495999999
20,755,768.1,750.8,751.3,760,761.9,764.2,760.4,755.1,757.9,766,756.6,20,10063.1412,10237.793544,10007.145792,10013.811912,10129.8024,10155.133656,10185.797808000001,10135.135296,10064.474424,10101.804696,10209.79584,10084.472784000001
21,757.4,769.2,754.1,748.5,759.3,759.2,765,761.4,755.4,762.7,768.3,764.5,21,10095.138576,10252.459008000002,10051.142184,9976.48164,10120.469831999999,10119.136608,10196.4636,10148.467536,10068.474096,10165.799448,10240.459991999998,10189.79748
22,761.2,768.2,755.6,758.2,761.8,763.7,764.5,760.9,761,762.4,768.6,765.7,22,10145.801088,10239.126768000002,10071.140544,10105.804368000001,10153.800432,10179.131688000001,10189.79748,10141.801416,10143.13464,10161.799776,10244.459664000002,10205.796168
23,759.9,767.8,758.3,762,764.6,764.9,762,760.2,759.5,758.6,766.2,767.8,23,10128.469176,10233.793871999998,10107.137592,10156.46688,10191.130704,10195.130376,10156.46688,10132.468848,10123.13628,10111.137264,10212.462288,10233.793871999998
24,760.7,767.2,756,762,761.2,765,762.9,757.9,760.2,758.8,761.9,765.8,24,10139.134968,10225.794528,10076.47344,10156.46688,10145.801088,10196.4636,10168.465896,10101.804696,10132.468848,10113.803711999999,10155.133656,10207.129391999999
25,757.3,766.5,743.9,763.3,764.6,762.2,763,759.8,759,750.6,762.4,763.1,25,10093.805352,10216.46196,9915.153336,10173.798792,10191.130704,10159.133328,10169.79912,10127.135952,10116.47016,10004.479344,10161.799776,10171.132344
26,758.1,757.2,756,766.3,765.7,763.2,763,763.3,762,761.2,768.4,764.1,26,10104.471144000001,10092.472128000001,10076.47344,10213.795511999999,10205.796168,10172.465568,10169.79912,10173.798792,10156.46688,10145.801088,10241.793215999998,10184.464584
27,759.7,750.3,756.8,764.5,764.9,763.3,763.4,763.8,768.2,764.8,771.9,768.6,27,10125.802728,10000.479672,10087.139232,10189.79748,10195.130376,10173.798792,10175.132016,10180.464912,10239.126768000002,10193.797152,10288.456055999999,10244.459664000002
28,762,757.9,766.3,761.2,760.7,763.2,764.3,760.9,769.8,764.2,770.2,767.9,28,10156.46688,10101.804696,10213.795511999999,10145.801088,10139.134968,10172.465568,10187.131032,10141.801416,10260.458351999998,10185.797808000001,10265.791248000001,10235.127096
29,758.3,766,767.4,759,764.8,763.2,762.8,761,767.4,760.1,762.5,767.9,29,10107.137592,10209.79584,10228.460976,10116.47016,10193.797152,10172.465568,10167.132672,10143.13464,10228.460976,10131.135624,10163.133,10235.127096
30,757.7,,762.7,757,762.5,761.4,762,761.2,763.1,760.2,761.2,771.6,30,10099.138248000001,,10165.799448,10089.80568,10163.133,10148.467536,10156.46688,10145.801088,10171.132344,10132.468848,10145.801088,10284.456384000001
31,763.5,,757.4,,762,,761.2,762.1,,765.4,,774.1,31,10176.46524,,10095.138576,,10156.46688,,10145.801088,10157.800104,,10201.796495999999,,10317.786983999998
,,,,,,,,,,,,,,10142.360509935485,10202.99180027586,10134.27515148387,10118.869963200003,10159.04731354839,10160.777637599997,10161.283689290323,10147.779420387098,10171.443429599998,10153.542388645163,10181.4870504,10153.628403096776
,,,,,,,,,,,,,,,,,,,,,,,,,
,,,,,,,,,,,,,,,,,,,,,,,,,
1873,January,February,March,April,May,June,July,August,September,October,November,December,1873,,,,,,,,,,,,
,,,,,,,,,,,,,,,,,,,,,,,,,
1,772,754.5,749.6,763.4,764.6,760.7,764.4,763.3,761.4,767.9,762.1,753.3,1,10289.78928,10056.47508,9991.147104,10175.132016,10191.130704,10139.134968,10188.464256,10173.798792,10148.467536,10235.127096,10157.800104,10040.476391999999
2,769.9,761.7,753.7,764.1,764.1,763.2,763.2,761.7,762.2,767.6,760.4,763,2,10261.791576,10152.467208,10045.809288,10184.464584,10184.464584,10172.465568,10172.465568,10152.467208,10159.133328,10231.127424,10135.135296,10169.79912
3,766.7,758.2,754.7,762.5,760.2,763.2,764.1,762.3,763.8,767.4,757,767.4,3,10219.128408,10105.804368000001,10059.141528,10163.133,10132.468848,10172.465568,10184.464584,10160.466552,10180.464912,10228.460976,10089.80568,10228.460976
4,768.6,761.3,759.2,761.6,754.8,764.3,762.9,763,762.5,767.5,757.9,771.4,4,10244.459664000002,10147.134312,10119.136608,10151.133984,10060.474751999998,10187.131032,10168.465896,10169.79912,10163.133,10229.7942,10101.804696,10281.789936000001
5,770.5,759.6,761.3,760.4,757,763.4,762.5,761.3,761.1,766.2,757.4,770.7,5,10269.79092,10124.469504,10147.134312,10135.135296,10089.80568,10175.132016,10163.133,10147.134312,10144.467864,10212.462288,10095.138576,10272.457368
6,770.8,748.8,760.6,756.3,759,762,762.6,762.4,761,767.1,759.3,766.9,6,10273.790592000001,9980.481312,10137.801744,10080.473112,10116.47016,10156.46688,10164.466224,10161.799776,10143.13464,10224.461304,10120.469831999999,10221.794855999999
7,771.2,753.9,758.5,751.5,756.5,759.1,764.4,765.2,759.7,767.7,764.8,762.2,7,10279.123488000001,10048.475735999999,10109.80404,10016.47836,10083.13956,10117.803384,10188.464256,10199.130048,10125.802728,10232.460648,10193.797152,10159.133328
8,772.2,758.4,762.2,757.6,756.9,757.5,764.9,765.2,763.2,765.9,767.6,769.1,8,10292.455728,10108.470816,10159.133328,10097.805024000001,10088.472456,10096.4718,10195.130376,10199.130048,10172.465568,10208.462615999999,10231.127424,10251.125784
9,772.7,761.9,763.9,764.3,754.9,759.7,762.6,763.2,763.9,759.4,765.4,770.9,9,10299.121847999999,10155.133656,10181.798136,10187.131032,10061.807976,10125.802728,10164.466224,10172.465568,10181.798136,10121.803056,10201.796495999999,10275.123816
10,773.6,757.7,761,762,758.7,764.4,761.6,759.9,763.9,760.7,760.3,765.4,10,10311.120864,10099.138248000001,10143.13464,10156.46688,10112.470488,10188.464256,10151.133984,10128.469176,10181.798136,10139.134968,10133.802072,10201.796495999999
11,772.2,751.8,758.4,763.7,763.4,760.9,761.5,761.5,765,765.8,760.5,767,11,10292.455728,10020.478031999999,10108.470816,10179.131688000001,10175.132016,10141.801416,10149.80076,10149.80076,10196.4636,10207.129391999999,10136.46852,10223.12808
12,773,752,756.2,760.3,765.1,756.6,763,762.9,765.5,764.2,764,767.8,12,10303.12152,10023.144479999999,10079.139888000002,10133.802072,10197.796824000001,10084.472784000001,10169.79912,10168.465896,10203.129719999999,10185.797808000001,10183.13136,10233.793871999998
13,775.2,749.1,755.3,753.7,761.6,756.4,761.3,764.8,764.4,762.7,766,770.4,13,10332.452448000002,9984.480984,10067.140871999998,10045.809288,10151.133984,10081.806336,10147.134312,10193.797152,10188.464256,10165.799448,10209.79584,10268.457696000001
14,774.8,753.9,755.9,757.9,755.5,759.5,761.4,766,764.3,761,759.8,770.7,14,10327.119552,10048.475735999999,10075.140216,10101.804696,10069.80732,10123.13628,10148.467536,10209.79584,10187.131032,10143.13464,10127.135952,10272.457368
15,774.4,763.5,763.6,762.9,762.5,765.3,760.8,765,762.2,760.8,750.9,767.8,15,10321.786656,10176.46524,10177.798464,10168.465896,10163.133,10200.463271999999,10140.468192,10196.4636,10159.133328,10140.468192,10008.479016,10233.793871999998
16,774.4,769.5,764.9,761.8,763.8,765.9,763,766.5,762.1,760.4,757.7,768.2,16,10321.786656,10256.45868,10195.130376,10153.800432,10180.464912,10208.462615999999,10169.79912,10216.46196,10157.800104,10135.135296,10099.138248000001,10239.126768000002
17,770.5,773.4,763.8,754.9,760,765.3,765.7,766.7,761.4,760.7,762.5,764.6,17,10269.79092,10308.454416,10180.464912,10061.807976,10129.8024,10200.463271999999,10205.796168,10219.128408,10148.467536,10139.134968,10163.133,10191.130704
18,764.6,776.9,760.3,754.3,757.6,763,766.5,765.7,765,764.4,763.4,763.2,18,10191.130704,10355.117255999998,10133.802072,10053.808631999998,10097.805024000001,10169.79912,10216.46196,10205.796168,10196.4636,10188.464256,10175.132016,10172.465568
19,762.5,776.4,755.3,758,759.8,762.9,763.6,763.5,765.8,763.3,764,767.3,19,10163.133,10348.451136,10067.140871999998,10103.137920000001,10127.135952,10168.465896,10177.798464,10176.46524,10207.129391999999,10173.798792,10183.13136,10227.127751999999
20,755.6,776.1,754.4,760.3,760.6,764.3,761.1,761.3,767.6,760,764.1,768,20,10071.140544,10344.451464000002,10055.141855999998,10133.802072,10137.801744,10187.131032,10144.467864,10147.134312,10231.127424,10129.8024,10184.464584,10236.46032
21,745.3,773.8,757.4,761.3,755.1,766.1,764.1,763.7,767.8,756.6,764,766.6,21,9933.818471999999,10313.787312,10095.138576,10147.134312,10064.474424,10211.129064,10184.464584,10179.131688000001,10233.793871999998,10084.472784000001,10183.13136,10217.795184
22,751.1,770.3,759.6,760,759.8,765.4,765.7,764.7,765.1,759.5,760,768,22,10011.145464,10267.124472,10124.469504,10129.8024,10127.135952,10201.796495999999,10205.796168,10192.463928000001,10197.796824000001,10123.13628,10129.8024,10236.46032
23,752.2,766.5,759.6,749.6,762.4,763.7,764.7,763.5,764.4,763.6,749,768.2,23,10025.810928,10216.46196,10124.469504,9991.147104,10161.799776,10179.131688000001,10192.463928000001,10176.46524,10188.464256,10177.798464,9983.14776,10239.126768000002
24,758.8,767.7,763.6,751,759.3,763.6,762.1,762.9,761,761,758.2,767.8,24,10113.803711999999,10232.460648,10177.798464,10009.81224,10120.469831999999,10177.798464,10157.800104,10168.465896,10143.13464,10143.13464,10105.804368000001,10233.793871999998
25,753.8,766,765.3,756.3,759.1,763,762.6,764.4,763.5,755.2,766.9,767.6,25,10047.142511999999,10209.79584,10200.463271999999,10080.473112,10117.803384,10169.79912,10164.466224,10188.464256,10176.46524,10065.807648,10221.794855999999,10231.127424
26,754.7,765.6,761.7,755.7,762.9,759.4,762.6,765.4,763.1,758.6,771.7,773.2,26,10059.141528,10204.462944,10152.467208,10072.473768000002,10168.465896,10121.803056,10164.466224,10201.796495999999,10171.132344,10111.137264,10285.789608,10305.787968
27,756.2,754.7,759.1,756.2,763.9,763.8,762.8,765.1,764.6,765.6,769,771.2,27,10079.139888000002,10059.141528,10117.803384,10079.139888000002,10181.798136,10180.464912,10167.132672,10197.796824000001,10191.130704,10204.462944,10249.792560000002,10279.123488000001
28,760.4,749.7,760.8,761.4,759.1,765.5,763.5,764.2,764.1,763.8,755,761,28,10135.135296,9992.480328,10140.468192,10148.467536,10117.803384,10203.129719999999,10176.46524,10185.797808000001,10184.464584,10180.464912,10063.1412,10143.13464
29,762.2,,763.6,763.8,759.5,766.8,764.9,760.6,763.7,761.3,763.8,752.2,29,10159.133328,,10177.798464,10180.464912,10123.13628,10220.461631999999,10195.130376,10137.801744,10179.131688000001,10147.134312,10180.464912,10025.810928
30,762.7,,765.1,762.7,760.6,766.2,766.5,760.2,765.9,756.3,761.5,764,30,10165.799448,,10197.796824000001,10165.799448,10137.801744,10212.462288,10216.46196,10132.468848,10208.462615999999,10080.473112,10149.80076,10183.13136
31,760.8,,765.1,,759.6,,765,759.6,,757.9,,767.9,31,10140.468192,,10197.796824000001,,10124.469504,,10196.4636,10124.469504,,10101.804696,,10235.127096
,,,,,,,,,,,,,,10200.162221419354,10154.990810571428,10127.092944774195,10116.247956000001,10128.899248258062,10165.8438888,10175.218030451615,10175.26103767742,10178.3317536,10164.251187870968,10149.4452336,10217.1070683871
,,,,,,,,,,,,,,,,,,,,,,,,,
,,,,,,,,,,,,,,,,,,,,,,,,,
1874,January,February,March,April,May,June,July,August,September,October,November,December,1874,,,,,,,,,,,,
,,,,,,,,,,,,,,,,,,,,,,,,,
1,769.1,764.8,761.8,767.8,760,771.9,767.3,756.8,767.5,764.9,767.6,760.9,1,10251.125784,10193.797152,10153.800432,10233.793871999998,10129.8024,10288.456055999999,10227.127751999999,10087.139232,10229.7942,10195.130376,10231.127424,10141.801416
2,771.5,765,765.9,767.3,755.3,770.9,767.8,757.7,767.3,763.2,767.5,758.6,2,10283.12316,10196.4636,10208.462615999999,10227.127751999999,10067.140871999998,10275.123816,10233.793871999998,10099.138248000001,10227.127751999999,10172.465568,10229.7942,10111.137264
3,771.5,765.8,770.3,765.4,754.8,770.5,766.3,759.2,766.9,760,768.2,759,3,10283.12316,10207.129391999999,10267.124472,10201.796495999999,10060.474751999998,10269.79092,10213.795511999999,10119.136608,10221.794855999999,10129.8024,10239.126768000002,10116.47016
4,768.1,768.2,771.6,764.9,754.5,770,764.9,761.7,765.5,758.1,769.3,757.4,4,10237.793544,10239.126768000002,10284.456384000001,10195.130376,10056.47508,10263.124800000001,10195.130376,10152.467208,10203.129719999999,10104.471144000001,10253.792231999998,10095.138576
5,762.9,770.7,772.6,759.7,755.9,766.3,764.8,762.4,764,761.4,770.1,754.2,5,10168.465896,10272.457368,10297.788624,10125.802728,10075.140216,10213.795511999999,10193.797152,10161.799776,10183.13136,10148.467536,10264.458024,10052.475408
6,764.2,772.9,771.1,754.5,758.1,763.4,764.4,761.4,764.3,761.6,769.9,762.9,6,10185.797808000001,10301.788295999999,10277.790264,10056.47508,10104.471144000001,10175.132016,10188.464256,10148.467536,10187.131032,10151.133984,10261.791576,10168.465896
7,764.5,772.7,771.5,759.4,758.9,762.7,763.8,763.8,764,761.2,771,765,7,10189.79748,10299.121847999999,10283.12316,10121.803056,10115.136936,10165.799448,10180.464912,10180.464912,10183.13136,10145.801088,10276.457040000001,10196.4636
8,764.9,768.2,770.8,753.8,751,764.6,764.6,763.8,763.7,765.4,770,765.2,8,10195.130376,10239.126768000002,10273.790592000001,10047.142511999999,10009.81224,10191.130704,10191.130704,10180.464912,10179.131688000001,10201.796495999999,10263.124800000001,10199.130048
9,768.7,758.8,767.9,751.9,752.3,768.2,766.2,759.4,762.2,765.8,767.8,763.4,9,10245.792888,10113.803711999999,10235.127096,10021.811255999999,10027.144151999999,10239.126768000002,10212.462288,10121.803056,10159.133328,10207.129391999999,10233.793871999998,10175.132016
10,771,760.9,760.1,755.6,749.4,767.7,765.2,767.4,763.1,767.7,765.9,748.4,10,10276.457040000001,10141.801416,10131.135624,10071.140544,9988.480656,10232.460648,10199.130048,10228.460976,10171.132344,10232.460648,10208.462615999999,9975.148416
11,767.9,763.9,754.3,754.6,750.5,764.2,761.8,763.2,764.3,767.2,760.2,750.4,11,10235.127096,10181.798136,10053.808631999998,10057.808304,10003.14612,10185.797808000001,10153.800432,10172.465568,10187.131032,10225.794528,10132.468848,10001.812896
12,765.4,773.6,758.9,748.4,748.6,760.5,770.3,763.4,764.4,766.6,752,748.1,12,10201.796495999999,10311.120864,10115.136936,9975.148416,9977.814864,10136.46852,10267.124472,10175.132016,10188.464256,10217.795184,10023.144479999999,9971.148744
13,764.1,777.6,773.8,751.2,755,759.8,763.6,763.5,759.1,766.1,750.8,745.3,13,10184.464584,10364.449824000001,10313.787312,10012.478688000001,10063.1412,10127.135952,10177.798464,10176.46524,10117.803384,10211.129064,10007.145792,9933.818471999999
14,768.6,775.3,768.1,739,762.1,758.3,764.9,762.1,758.3,765.6,741,749,14,10244.459664000002,10333.785671999998,10237.793544,9849.825359999999,10157.800104,10107.137592,10195.130376,10157.800104,10107.137592,10204.462944,9876.48984,9983.14776
15,772.2,769.6,770.8,751.9,764.7,759.8,764.1,760.1,761.5,764.4,751.5,748.5,15,10292.455728,10257.791904000002,10273.790592000001,10021.811255999999,10192.463928000001,10127.135952,10184.464584,10131.135624,10149.80076,10188.464256,10016.47836,9976.48164
16,770.9,764.7,767.3,756.4,762.5,763.6,763.6,763.1,762.4,761.5,753,750.4,16,10275.123816,10192.463928000001,10227.127751999999,10081.806336,10163.133,10177.798464,10177.798464,10171.132344,10161.799776,10149.80076,10036.476719999999,10001.812896
17,763.4,759.5,772.9,762.5,762,766.2,764.4,763.6,763.6,768,753,752.2,17,10175.132016,10123.13628,10301.788295999999,10163.133,10156.46688,10212.462288,10188.464256,10177.798464,10177.798464,10236.46032,10036.476719999999,10025.810928
18,754.5,759.9,769.7,766.3,763.5,768.7,763.8,761.1,764.8,768.9,757,759.1,18,10056.47508,10128.469176,10259.125128,10213.795511999999,10176.46524,10245.792888,10180.464912,10144.467864,10193.797152,10248.459335999998,10089.80568,10117.803384
19,761.7,756.6,763.4,766.3,764.8,767.3,761.4,760.2,764.1,768,756.2,760,19,10152.467208,10084.472784000001,10175.132016,10213.795511999999,10193.797152,10227.127751999999,10148.467536,10132.468848,10184.464584,10236.46032,10079.139888000002,10129.8024
20,766.8,751.9,759.6,767.2,765.8,763,761.5,760,764.5,765.4,745,745.9,20,10220.461631999999,10021.811255999999,10124.469504,10225.794528,10207.129391999999,10169.79912,10149.80076,10129.8024,10189.79748,10201.796495999999,9929.818800000001,9941.817815999999
21,769.2,757.1,759.7,765.9,766,759.2,760.6,761.3,765.2,764,752.9,744.2,21,10252.459008000002,10091.138904000001,10125.802728,10208.462615999999,10209.79584,10119.136608,10137.801744,10147.134312,10199.130048,10183.13136,10035.143495999999,9919.153008000001
22,770.9,758.2,770.8,766.8,764.9,757,763.5,761.1,766,758,756.5,745.1,22,10275.123816,10105.804368000001,10273.790592000001,10220.461631999999,10195.130376,10089.80568,10176.46524,10144.467864,10209.79584,10103.137920000001,10083.13956,9931.152024
23,771.4,760.6,766.9,767.5,758.4,764.2,764.3,761.3,766.2,753.1,761,755.5,23,10281.789936000001,10137.801744,10221.794855999999,10229.7942,10108.470816,10185.797808000001,10187.131032,10147.134312,10212.462288,10037.809944,10143.13464,10069.80732
24,769.6,763.9,764.9,763.6,755.7,763.5,762.2,761.1,768,758,760,761.5,24,10257.791904000002,10181.798136,10195.130376,10177.798464,10072.473768000002,10176.46524,10159.133328,10144.467864,10236.46032,10103.137920000001,10129.8024,10149.80076
25,765.9,763.8,762.7,764.4,759.4,763.3,757.4,761.7,766.9,768.8,757.9,761.5,25,10208.462615999999,10180.464912,10165.799448,10188.464256,10121.803056,10173.798792,10095.138576,10152.467208,10221.794855999999,10247.126111999998,10101.804696,10149.80076
26,769.2,763.6,765.2,765.2,758,762.1,754.7,760.5,766.5,770.4,758,758.8,26,10252.459008000002,10177.798464,10199.130048,10199.130048,10103.137920000001,10157.800104,10059.141528,10136.46852,10216.46196,10268.457696000001,10103.137920000001,10113.803711999999
27,769.8,763.7,770.5,764.3,752.2,761.7,761,761.5,768.5,769.7,759.6,758.1,27,10260.458351999998,10179.131688000001,10269.79092,10187.131032,10025.810928,10152.467208,10143.13464,10149.80076,10243.12644,10259.125128,10124.469504,10104.471144000001
28,758.3,759.9,770.4,760,762.1,759.6,762.7,763.7,770.3,766.6,756,761,28,10107.137592,10128.469176,10268.457696000001,10129.8024,10157.800104,10124.469504,10165.799448,10179.131688000001,10267.124472,10217.795184,10076.47344,10143.13464
29,766.4,,767.4,759.3,766.9,761.3,761.5,764.4,767.9,765.5,757.8,754.5,29,10215.128735999999,,10228.460976,10120.469831999999,10221.794855999999,10147.134312,10149.80076,10188.464256,10235.127096,10203.129719999999,10100.471472,10056.47508
30,765.4,,767.9,764.3,768.6,763.7,756.2,764.3,766.7,765.1,760,752,30,10201.796495999999,,10235.127096,10187.131032,10244.459664000002,10179.131688000001,10079.139888000002,10187.131032,10219.128408,10197.796824000001,10129.8024,10023.144479999999
31,764,,766.7,,770.5,,756.2,765.4,,,,755.1,31,10183.13136,,10219.128408,,10269.79092,,10079.139888000002,10201.796495999999,,,,10064.474424
,,,,,,,,,,,,,,10220.977718709677,10192.368697714284,10222.482971612902,10132.202203199999,10117.932405677422,10184.5534656,10170.659264516127,10155.692749935486,10195.441461600001,10187.664321600003,10123.891773599998,10065.807648000002
,,,,,,,,,,,,,,,,,,,,,,,,,
,,,,,,,,,,,,,,,,,,,,,,,,,
1875,January,February,March,April,May,June,July,August,September,October,November,December,1875,,,,,,,,,,,,
,,,,,,,,,,,,,,,,,,,,,,,,,
1,759.4,768.8,751.6,764.2,766.4,764.4,762.2,762.5,763.9,758.3,758,746.1,1,10121.803056,10247.126111999998,10017.811584,10185.797808000001,10215.128735999999,10188.464256,10159.133328,10163.133,10181.798136,10107.137592,10103.137920000001,9944.484264
2,767.2,768.8,741.1,766.9,765.7,763.6,762.1,763,761,764.6,758.3,756.1,2,10225.794528,10247.126111999998,9877.823064,10221.794855999999,10205.796168,10177.798464,10157.800104,10169.79912,10143.13464,10191.130704,10107.137592,10077.806664
3,767.9,766,752.3,767.6,764.3,760.2,760.6,762.6,762.8,765.9,761.6,748.3,3,10235.127096,10209.79584,10027.144151999999,10231.127424,10187.131032,10132.468848,10137.801744,10164.466224,10167.132672,10208.462615999999,10151.133984,9973.815192
4,771.1,757,756.6,765.3,765.7,757.8,763.6,755.4,765,766,762.5,739.8,4,10277.790264,10089.80568,10084.472784000001,10200.463271999999,10205.796168,10100.471472,10177.798464,10068.474096,10196.4636,10209.79584,10163.133,9860.491151999999
5,768,753,761,760.9,765.6,760,764.4,754.5,767.6,766.7,762.3,744.5,5,10236.46032,10036.476719999999,10143.13464,10141.801416,10204.462944,10129.8024,10188.464256,10056.47508,10231.127424,10219.128408,10160.466552,9923.15268
6,761.3,761.8,768,755.2,764.1,761.9,765.9,757.1,767.3,768,762,749,6,10147.134312,10153.800432,10236.46032,10065.807648,10184.464584,10155.133656,10208.462615999999,10091.138904000001,10227.127751999999,10236.46032,10156.46688,9983.14776
7,763.7,757.9,770.8,755.1,765,765,765.6,761.9,766.6,769.7,755.4,754.7,7,10179.131688000001,10101.804696,10273.790592000001,10064.474424,10196.4636,10196.4636,10204.462944,10155.133656,10217.795184,10259.125128,10068.474096,10059.141528
8,769.1,760,772.9,756.3,766.2,767.3,764.3,764.4,766,770.1,756.7,759.4,8,10251.125784,10129.8024,10301.788295999999,10080.473112,10212.462288,10227.127751999999,10187.131032,10188.464256,10209.79584,10264.458024,10085.806008000001,10121.803056
9,769.7,759.3,774,761.7,765.7,764.8,760,764.4,765.7,767,758.1,763.1,9,10259.125128,10120.469831999999,10316.45376,10152.467208,10205.796168,10193.797152,10129.8024,,10205.796168,10223.12808,10104.471144000001,10171.132344
10,768.5,755.9,769,763.2,764.4,764.3,759.4,762.5,764,763.4,762,765.6,10,10243.12644,10075.140216,10249.792560000002,10172.465568,10188.464256,10187.131032,10121.803056,10163.133,10183.13136,10175.132016,10156.46688,10204.462944
11,771.2,759.4,763,763.1,766.1,765.7,763.4,764.4,765,756.8,759,760.9,11,10279.123488000001,10121.803056,10169.79912,10171.132344,10211.129064,10205.796168,10175.132016,10188.464256,10196.4636,10087.139232,10116.47016,10141.801416
12,769.3,766,759,759.7,765.8,765.1,764.1,765,769,755.3,759.3,760.3,12,10253.792231999998,10209.79584,10116.47016,10125.802728,10207.129391999999,10197.796824000001,10184.464584,10196.4636,10249.792560000002,10067.140871999998,10120.469831999999,10133.802072
13,770.1,760.2,760,753,765,764.9,762,764.1,769,748.7,765.9,764.9,13,10264.458024,10132.468848,10129.8024,10036.476719999999,10196.4636,10195.130376,10156.46688,10184.464584,10249.792560000002,9979.148088,10208.462615999999,10195.130376
14,771.8,755.3,759,759.1,766.6,764.2,762.9,763.9,763.9,740,769.2,768.6,14,10287.122832000001,10067.140871999998,10116.47016,10117.803384,10217.795184,10185.797808000001,10168.465896,10181.798136,10181.798136,9863.157599999999,10252.459008000002,10244.459664000002
15,773.7,759,760,762.1,767.2,762.6,762.3,765.1,762,740.7,764.7,770.4,15,10312.454087999999,10116.47016,10129.8024,10157.800104,10225.794528,10164.466224,10160.466552,10197.796824000001,10156.46688,9872.490168,10192.463928000001,10268.457696000001
16,770.8,763.3,766,762.1,765.1,762.4,757.9,767.5,764,750.5,764,771.5,16,10273.790592000001,10173.798792,10209.79584,10157.800104,10197.796824000001,10161.799776,10101.804696,10229.7942,10183.13136,10003.14612,10183.13136,10283.12316
17,757.5,759.8,767,765,764.4,760.8,755.4,768.7,768.8,760.1,769,769.1,17,10096.4718,10127.135952,10223.12808,10196.4636,10188.464256,10140.468192,10068.474096,10245.792888,10247.126111999998,10131.135624,10249.792560000002,10251.125784
18,759.8,758,762,766,763.9,762.4,757.9,768,768,761.8,764.5,763.7,18,10127.135952,10103.137920000001,10156.46688,10209.79584,10181.798136,10161.799776,10101.804696,10236.46032,10236.46032,10153.800432,10189.79748,10179.131688000001
19,768,752,762.9,767,763.2,762.9,760.7,766.6,767.5,763.3,762,763.7,19,10236.46032,10023.144479999999,10168.465896,10223.12808,10172.465568,10168.465896,10139.134968,10217.795184,10229.7942,10173.798792,10156.46688,10179.131688000001
20,773,752,758.7,768.7,762.9,764.4,761.8,767,768,762.9,750.2,764,20,10303.12152,10023.144479999999,10112.470488,10245.792888,10168.465896,10188.464256,10153.800432,10223.12808,10236.46032,10168.465896,9999.146448,10183.13136
21,768.4,759,754.4,769.6,763.7,762.1,761,766.2,765.7,761.5,748.2,770.6,21,10241.793215999998,10116.47016,10055.141855999998,10257.791904000002,10179.131688000001,10157.800104,10143.13464,10212.462288,10205.796168,10149.80076,9972.481968,10271.124144000001
22,758.1,759,754,765.6,764.5,764.7,759.7,766.6,764,758.4,757.5,774.3,22,10104.471144000001,10116.47016,10049.80896,10204.462944,10189.79748,10192.463928000001,10125.802728,10217.795184,10183.13136,10108.470816,10096.4718,10320.453431999998
23,760.4,760,755.6,761,764.8,766.3,760,762.6,762.5,756.6,761,773.9,23,10135.135296,10129.8024,10071.140544,10143.13464,10193.797152,10213.795511999999,10129.8024,10164.466224,10163.133,10084.472784000001,10143.13464,10315.120535999999
24,771,755.8,762.7,760.1,765.5,765.5,759.8,762.5,761.2,747.8,761.9,773.1,24,10276.457040000001,10073.806992,10165.799448,10131.135624,10203.129719999999,10203.129719999999,10127.135952,10163.133,10145.801088,9967.149072,10155.133656,10304.454743999999
25,766.4,745.1,767.4,755.1,766.3,761.8,762.7,763.8,763.5,754.4,755.7,770.5,25,10215.128735999999,9931.152024,10228.460976,10064.474424,10213.795511999999,10153.800432,10165.799448,10180.464912,10176.46524,10055.141855999998,10072.473768000002,10269.79092
26,760.4,755.3,772.3,755,762.4,759.2,763.7,765.6,769.2,759.4,747,766.4,26,10135.135296,10067.140871999998,10293.788951999999,10063.1412,10161.799776,10119.136608,10179.131688000001,10204.462944,10252.459008000002,10121.803056,9956.48328,10215.128735999999
27,765.4,754,767.6,762.3,757.9,758.2,765.6,766.7,766.5,763.4,759.4,765.7,27,10201.796495999999,10049.80896,10231.127424,10160.466552,10101.804696,10105.804368000001,10204.462944,10219.128408,10216.46196,10175.132016,10121.803056,10205.796168
28,773.3,753.1,762.5,764.6,757,758.9,766.5,765,766,756.1,752.6,768.9,28,10307.121191999999,10037.809944,10163.133,10191.130704,10089.80568,10115.136936,10216.46196,10196.4636,10209.79584,10077.806664,10031.143824,10248.459335999998
29,774.1,,756.6,764.4,755.8,760.2,764.1,761.7,760,756.6,753.4,770.4,29,10317.786983999998,,10084.472784000001,10188.464256,10073.806992,10132.468848,10184.464584,10152.467208,10129.8024,10084.472784000001,10041.809615999999,10268.457696000001
30,770.2,,757.6,766.5,753.4,762,763.4,762,757.6,756.9,749.2,765.6,30,10265.791248000001,,10097.805024000001,10216.46196,10041.809615999999,10156.46688,10175.132016,10156.46688,10097.805024000001,10088.472456,9985.814208,10204.462944
31,,,,,760.7,,763,762,,757.5,,766.8,31,,,,,10139.134968,,10169.79912,10156.46688,,10096.4718,,10220.461631999999
,,,,,,,,,,,,,,10227.038870400002,10108.28035542857,10150.067404799998,10159.311091200001,10179.389731354837,10166.954908800002,10158.187169032257,10178.198431200002,10197.0413304,10116.212116645158,10116.7368048,10168.465896
,,,,,,,,,,,,,,,,,,,,,,,,,
,,,,,,,,,,,,"Height 50m",,,,,,,,,,,,,
1876,January,February,March,April,May,June,July,August,September,October,November,December,1876,,,,,,,,,,,,
,,,,,,,,,,,,,,,,,,,,,,,,,
1,772,770,766,755,762,761,761,761,759,762,752,763,1,10289.78928,10263.124800000001,10209.79584,10063.1412,10156.46688,10143.13464,10143.13464,10143.13464,10116.47016,10156.46688,10023.144479999999,10169.79912
2,770,769,757,759,763,760,762,761,761,763,755,765,2,10263.124800000001,10249.792560000002,10089.80568,10116.47016,10169.79912,10129.8024,10156.46688,10143.13464,10143.13464,10169.79912,10063.1412,10196.4636
3,768,770,764,761,765,761,761,763,763,763,762,763,3,10236.46032,10263.124800000001,10183.13136,10143.13464,10196.4636,10143.13464,10143.13464,10169.79912,10169.79912,10169.79912,10156.46688,10169.79912
4,762,767,763,762,767,760,762,764,765,770,763,759,4,10156.46688,10223.12808,10169.79912,10156.46688,10223.12808,10129.8024,10156.46688,10183.13136,10196.4636,10263.124800000001,10169.79912,10116.47016
5,759,753,762,761,765,763,762,765,766,770,762,756,5,10116.47016,10036.476719999999,10156.46688,10143.13464,10196.4636,10169.79912,10156.46688,10196.4636,10209.79584,10263.124800000001,10156.46688,10076.47344
6,766,751,764,762,757,763,763,765,766,769,764,755,6,10209.79584,10009.81224,10183.13136,10156.46688,10089.80568,10169.79912,10169.79912,10196.4636,10209.79584,10249.792560000002,10183.13136,10063.1412
7,762,756,760,762,754,762,765,763,763,768,762,760,7,10156.46688,10076.47344,10129.8024,10156.46688,10049.80896,10156.46688,10196.4636,10169.79912,10169.79912,10236.46032,10156.46688,10129.8024
8,763,757,759,762,752,761,764,762,757,767,757,761,8,10169.79912,10089.80568,10116.47016,10156.46688,10023.144479999999,10143.13464,10183.13136,10156.46688,10089.80568,10223.12808,10089.80568,10143.13464
9,760,761,761,767,758,759,762,762,756,765,757,759,9,10129.8024,10143.13464,10143.13464,10223.12808,10103.137920000001,10116.47016,10156.46688,10156.46688,10076.47344,10196.4636,10089.80568,10116.47016
10,765,758,752,768,757,756,763,764,760,764,756,753,10,10196.4636,10103.137920000001,10023.144479999999,10236.46032,10089.80568,10076.47344,10169.79912,10183.13136,10129.8024,10183.13136,10076.47344,10036.476719999999
11,764,753,755,766,758,759,764,765,763,765,767,757,11,10183.13136,10036.476719999999,10063.1412,10209.79584,10103.137920000001,10116.47016,10183.13136,10196.4636,10169.79912,10196.4636,10223.12808,10089.80568
12,762,759,759,762,761,759,762,765,759,766,766,761,12,10156.46688,10116.47016,10116.47016,10156.46688,10143.13464,10116.47016,10156.46688,10196.4636,10116.47016,10209.79584,10209.79584,10143.13464
13,755,764,759,758,761,759,761,762,755,766,762,766,13,10063.1412,10183.13136,10116.47016,10103.137920000001,10143.13464,10116.47016,10143.13464,10156.46688,10063.1412,10209.79584,10156.46688,10209.79584
14,761,764,760,757,754,762,761,763,753,764,763,767,14,10143.13464,10183.13136,10129.8024,10089.80568,10049.80896,10156.46688,10143.13464,10169.79912,10036.476719999999,10183.13136,10169.79912,10223.12808
15,767,767,767,755,754,764,764,764,755,762,763,766,15,10223.12808,10223.12808,10223.12808,10063.1412,10049.80896,10183.13136,10183.13136,10183.13136,10063.1412,10156.46688,10169.79912,10209.79584
16,767,771,763,758,761,763,763,763,762,759,761,759,16,10223.12808,10276.457040000001,10169.79912,10103.137920000001,10143.13464,10169.79912,10169.79912,10169.79912,10156.46688,10116.47016,10143.13464,10116.47016
17,765,767,760,761,763,760,763,762,765,757,762,754,17,10196.4636,10223.12808,10129.8024,10143.13464,10169.79912,10129.8024,10169.79912,10156.46688,10196.4636,10089.80568,10156.46688,10049.80896
18,767,765,753,761,762,761,763,762,767,756,762,756,18,10223.12808,10196.4636,10036.476719999999,10143.13464,10156.46688,10143.13464,10169.79912,10156.46688,10223.12808,10076.47344,10156.46688,10076.47344
19,771,763,753,759,760,763,762,763,767,755,761,752,19,10276.457040000001,10169.79912,10036.476719999999,10116.47016,10129.8024,10169.79912,10156.46688,10169.79912,10223.12808,10063.1412,10143.13464,10023.144479999999
20,774,764,752,763,758,762,758,764,767,756,756,753,20,10316.45376,10183.13136,10023.144479999999,10169.79912,10103.137920000001,10156.46688,10103.137920000001,10183.13136,10223.12808,10076.47344,10076.47344,10036.476719999999
21,772,768,755,758,765,761,762,765,766,758,752,749,21,10289.78928,10236.46032,10063.1412,10103.137920000001,10196.4636,10143.13464,10156.46688,10196.4636,10209.79584,10103.137920000001,10023.144479999999,9983.14776
22,768,771,762,757,767,761,764,765,765,755,755,746,22,10236.46032,10276.457040000001,10156.46688,10089.80568,10223.12808,10143.13464,10183.13136,10196.4636,10196.4636,10063.1412,10063.1412,9943.15104
23,774,768,761,758,766,760,764,759,766,762,760,751,23,10316.45376,10236.46032,10143.13464,10103.137920000001,10209.79584,10129.8024,10183.13136,10116.47016,10209.79584,10156.46688,10129.8024,10009.81224
24,778,759,757,759,763,760,764,757,768,763,764,752,24,10369.782720000001,10116.47016,10089.80568,10116.47016,10169.79912,10129.8024,10183.13136,10089.80568,10236.46032,10169.79912,10183.13136,10023.144479999999
25,778,765,749,764,761,758,760,751,765,762,766,756,25,10369.782720000001,10196.4636,9983.14776,10183.13136,10143.13464,10103.137920000001,10129.8024,10009.81224,10196.4636,10156.46688,10209.79584,10076.47344
26,776,765,753,763,758,759,757,757,760,761,767,757,26,10343.11824,10196.4636,10036.476719999999,10169.79912,10103.137920000001,10116.47016,10089.80568,10089.80568,10129.8024,10143.13464,10223.12808,10089.80568
27,776,763,759,758,759,762,760,761,763,760,764,768,27,10343.11824,10169.79912,10116.47016,10103.137920000001,10116.47016,10156.46688,10129.8024,10143.13464,10169.79912,10129.8024,10183.13136,10236.46032
28,772,758,758,761,762,763,761,761,764,761,759,772,28,10289.78928,10103.137920000001,10103.137920000001,10143.13464,10156.46688,10169.79912,10143.13464,10143.13464,10183.13136,10143.13464,10116.47016,10289.78928
29,771,766,757,762,766,762,761,765,762,762,759,770,29,10276.457040000001,10209.79584,10089.80568,10156.46688,10209.79584,10156.46688,10143.13464,10196.4636,10156.46688,10156.46688,10116.47016,10263.124800000001
30,772,,760,762,768,761,763,764,762,761,761,768,30,10289.78928,,10129.8024,10156.46688,10236.46032,10143.13464,10169.79912,10183.13136,10156.46688,10143.13464,10143.13464,10236.46032
31,773,,756,,765,,764,761,,757,,768,31,10303.12152,,10076.47344,,10196.4636,,10183.13136,10143.13464,,10089.80568,,10236.46032
,,,,,,,,,,,,,,10237.32046451613,10172.097782068966,10110.879220645162,10139.134968000004,10143.564712258067,10140.912600000001,10158.187169032257,10159.477385806451,10160.910960000001,10159.477385806453,10138.690560000005,10122.06109935484
,,,,,,,,,,,,,,,,,,,,,,,,,
,,,,,,,,,,,,,,,,,,,,,,,,,
1877,January,February,March,April,May,June,July,August,September,October,November,December,1877,,,,,,,,,,,,
,,,,,,,,,"MSLP US ",,,,,,,,,,,,,,,,
1,767,757,761,764,755,767,767,763,762.1,762,765,754,1,10223.12808,10089.80568,10143.13464,10183.13136,10063.1412,10223.12808,10223.12808,10169.79912,10157.800104,10156.46688,10196.4636,10049.80896
2,764,764,764,760,760,764,764,760,761.6,758,767,756,2,10183.13136,10183.13136,10183.13136,10129.8024,10129.8024,10183.13136,10183.13136,10129.8024,10151.133984,10103.137920000001,10223.12808,10076.47344
3,768,768,770,762,762,764,763,757,761.3,756,767,754,3,10236.46032,10236.46032,10263.124800000001,10156.46688,10156.46688,10183.13136,10169.79912,10089.80568,10147.134312,10076.47344,10223.12808,10049.80896
4,766,769,769,760,761,764,764,761,761.8,761,765,755,4,10209.79584,10249.792560000002,10249.792560000002,10129.8024,10143.13464,10183.13136,10183.13136,10143.13464,10153.800432,10143.13464,10196.4636,10063.1412
5,761,767,759,752,759,764,765,764,761.5,761,765,755,5,10143.13464,10223.12808,10116.47016,10023.144479999999,10116.47016,10183.13136,10196.4636,10183.13136,10149.80076,10143.13464,10196.4636,10063.1412
6,760,770,752,758,754,765,765,765,763.5,757,768,758,6,10129.8024,10263.124800000001,10023.144479999999,10103.137920000001,10049.80896,10196.4636,10196.4636,10196.4636,10176.46524,10089.80568,10236.46032,10103.137920000001
7,765,772,750,760,757,766,763,764,763.1,757,769,764,7,10196.4636,10289.78928,9996.48,10129.8024,10089.80568,10209.79584,10169.79912,10183.13136,10171.132344,10089.80568,10249.792560000002,10183.13136
8,771,767,745,764,757,766,762,762,761.9,755,768,765,8,10276.457040000001,10223.12808,9929.818800000001,10183.13136,10089.80568,10209.79584,10156.46688,10156.46688,10155.133656,10063.1412,10236.46032,10196.4636
9,773,766,745,761,758,766,763,761,762.7,747,768,755,9,10303.12152,10209.79584,9929.818800000001,10143.13464,10103.137920000001,10209.79584,10169.79912,10143.13464,10165.799448,9956.48328,10236.46032,10063.1412
10,770,766,751,752,761,766,767,760,761.4,755,766,759,10,10263.124800000001,10209.79584,10009.81224,10023.144479999999,10143.13464,10209.79584,10223.12808,10129.8024,10148.467536,10063.1412,10209.79584,10116.47016
11,766,766,755,753,762,765,765,760,763.2,759,765,766,11,10209.79584,10209.79584,10063.1412,10036.476719999999,10156.46688,10196.4636,10196.4636,10129.8024,10172.465568,10116.47016,10196.4636,10209.79584
12,756,766,762,759,759,764,764,759,764.8,765,761,770,12,10076.47344,10209.79584,10156.46688,10116.47016,10116.47016,10183.13136,10183.13136,10116.47016,10193.797152,10196.4636,10143.13464,10263.124800000001
13,759,761,761,761,761,763,765,761,765.7,770,757,769,13,10116.47016,10143.13464,10143.13464,10143.13464,10143.13464,10169.79912,10196.4636,10143.13464,10205.796168,10263.124800000001,10089.80568,10249.792560000002
14,762,758,757,762,763,762,761,763,766.3,770,760,765,14,10156.46688,10103.137920000001,10089.80568,10156.46688,10169.79912,10156.46688,10143.13464,10169.79912,10213.795511999999,10263.124800000001,10129.8024,10196.4636
15,761,769,761,761,761,762,757,763,764.9,770.2,766,770,15,10143.13464,10249.792560000002,10143.13464,10143.13464,10143.13464,10156.46688,10089.80568,10169.79912,10195.130376,10265.791248000001,10209.79584,10263.124800000001
16,762,769,763,758,761,762,758,762,760.5,767,768,768,16,10156.46688,10249.792560000002,10169.79912,10103.137920000001,10143.13464,10156.46688,10103.137920000001,10156.46688,10136.46852,10223.12808,10236.46032,10236.46032
17,764,764,762,746,765,764,762,762,756.1,764,767,764,17,10183.13136,10183.13136,10156.46688,9943.15104,10196.4636,10183.13136,10156.46688,10156.46688,10077.806664,10183.13136,10223.12808,10183.13136
18,765,758,761,748,761,765,762,764,758.1,767,766,765,18,10196.4636,10103.137920000001,10143.13464,9969.81552,10143.13464,10196.4636,10156.46688,10183.13136,10104.471144000001,10223.12808,10209.79584,10196.4636
19,770,766,757,751,757,766,760,767,757.3,767,765,763,19,10263.124800000001,10209.79584,10089.80568,10009.81224,10089.80568,10209.79584,10129.8024,10223.12808,10093.805352,10223.12808,10196.4636,10169.79912
20,772,760,752,751,754,766,761,767,755,769,761,763,20,10289.78928,10129.8024,10023.144479999999,10009.81224,10049.80896,10209.79584,10143.13464,10223.12808,10063.1412,10249.792560000002,10143.13464,10169.79912
21,766,748,753,756,757,765,764,766,759.4,769,752,767,21,10209.79584,9969.81552,10036.476719999999,10076.47344,10089.80568,10196.4636,10183.13136,10209.79584,10121.803056,10249.792560000002,10023.144479999999,10223.12808
22,766,746,758,759,763,763,765,764,754.7,770,759,768,22,10209.79584,9943.15104,10103.137920000001,10116.47016,10169.79912,10169.79912,10196.4636,10183.13136,10059.141528,10263.124800000001,10116.47016,10236.46032
23,766,750,753,755,763,762,763,763,755.4,768,761,767,23,10209.79584,9996.48,10036.476719999999,10063.1412,10169.79912,10156.46688,10169.79912,10169.79912,10068.474096,10236.46032,10143.13464,10223.12808
24,766,758,755,752,762,761,762,762,758.8,762,762,767,24,10209.79584,10103.137920000001,10063.1412,10023.144479999999,10156.46688,10143.13464,10156.46688,10156.46688,10113.803711999999,10156.46688,10156.46688,10223.12808
25,765,759,759,756,762,761,760,764,760.6,757,753,761,25,10196.4636,10116.47016,10116.47016,10076.47344,10156.46688,10143.13464,10129.8024,10183.13136,10137.801744,10089.80568,10036.476719999999,10143.13464
26,759,756,755,757,763,764,760,764,761.2,759,758,753,26,10116.47016,10076.47344,10063.1412,10089.80568,10169.79912,10183.13136,10129.8024,10183.13136,10145.801088,10116.47016,10103.137920000001,10036.476719999999
27,757,753,761,760,765,764,761,762,762.3,762,763,757,27,10089.80568,10036.476719999999,10143.13464,10129.8024,10196.4636,10183.13136,10143.13464,10156.46688,10160.466552,10156.46688,10169.79912,10089.80568
28,768,758,769,759,766,764,761,762,763.3,764,756,756,28,10236.46032,10103.137920000001,10249.792560000002,10116.47016,10209.79584,10183.13136,10143.13464,10156.46688,10173.798792,10183.13136,10076.47344,10076.47344
29,766,,771,758,765,766,763,762,765.7,764,753,769,29,10209.79584,,10276.457040000001,10103.137920000001,10196.4636,10209.79584,10169.79912,10156.46688,10205.796168,10183.13136,10036.476719999999,10249.792560000002
30,765,,769,756,765,763,766,762,764.3,764,752,767,30,10196.4636,,10249.792560000002,10076.47344,10196.4636,10169.79912,10209.79584,10156.46688,10187.131032,10183.13136,10023.144479999999,10223.12808
31,749,,762,,766,,766,763,,765,,764,31,9983.14776,,10156.46688,,10209.79584,,10209.79584,10169.79912,,10196.4636,,10183.13136
,,,,,,,,,,,,,,10187.86215483871,10154.086122857145,10113.45965419355,10090.250088,10140.554206451614,10184.908992,10168.07883096774,10163.7781083871,10146.912108,10164.724267354839,10162.244184,10161.627747096773
,,,,,,,,,,,,,,,,,,,,,,,,,
,,,,,,,,,,,,,"H 50 m",,,,,,,,,,,,
1878,January,February,March,April,May,June,July,August,September,October,November,December,1878,,,,,,,,,,,,
,,,,,,,,,,,,,,,,,,,,,,,,,
1,763,765,770,754,760,759,761.2,758.8,762.9,765,762.8,756.1,1,10169.79912,10196.4636,10263.124800000001,10049.80896,10129.8024,10116.47016,10145.801088,10113.803711999999,10168.465896,10196.4636,10167.132672,10077.806664
2,766,762,770,753,757,764,760.7,754.3,761.6,764,753.6,754.8,2,10209.79584,10156.46688,10263.124800000001,10036.476719999999,10089.80568,10183.13136,10139.134968,10053.808631999998,10151.133984,10183.13136,10044.476064,10060.474751999998
3,764,758,769,761,755,765,756.5,757.2,758.4,767,754.8,748.9,3,10183.13136,10103.137920000001,10249.792560000002,10143.13464,10063.1412,10196.4636,10083.13956,10092.472128000001,10108.470816,10223.12808,10060.474751999998,9981.814536
4,762,765,772,767,761,764,756.6,760.2,760.2,768,760.1,756,4,10156.46688,10196.4636,10289.78928,10223.12808,10143.13464,10183.13136,10084.472784000001,10132.468848,10132.468848,10236.46032,10131.135624,10076.47344
5,766,772,773,763,763,764,763.4,761.5,764.5,770,753.5,758.9,5,10209.79584,10289.78928,10303.12152,10169.79912,10169.79912,10183.13136,10175.132016,10149.80076,10189.79748,10263.124800000001,10043.14284,10115.136936
6,767,773,769,764,760,762,766.5,765,765,769,759.2,756.6,6,10223.12808,10303.12152,10249.792560000002,10183.13136,10129.8024,10156.46688,10216.46196,10196.4636,10196.4636,10249.792560000002,10119.136608,10084.472784000001
7,767,771,759,763,757,765,765.2,763.5,762,769,757.6,751.5,7,10223.12808,10276.457040000001,10116.47016,10169.79912,10089.80568,10196.4636,10199.130048,10176.46524,10156.46688,10249.792560000002,10097.805024000001,10016.47836
8,759,773,758,760,758,767,763.7,763.8,761,766,762.1,752,8,10116.47016,10303.12152,10103.137920000001,10129.8024,10103.137920000001,10223.12808,10179.131688000001,10180.464912,10143.13464,10209.79584,10157.800104,10023.144479999999
9,753,771,757,758,760,766,763.8,763.3,760.4,762,763.3,749.1,9,10036.476719999999,10276.457040000001,10089.80568,10103.137920000001,10129.8024,10209.79584,10180.464912,10173.798792,10135.135296,10156.46688,10173.798792,9984.480984
10,758,770,766,757,762,763,763.9,762.6,759.3,765,769,755.7,10,10103.137920000001,10263.124800000001,10209.79584,10089.80568,10156.46688,10169.79912,10181.798136,10164.466224,10120.469831999999,10196.4636,10249.792560000002,10072.473768000002
11,763,763,764,757,763,763,762,760.1,761.4,766,767.6,754,11,10169.79912,10169.79912,10183.13136,10089.80568,10169.79912,10169.79912,10156.46688,10131.135624,10148.467536,10209.79584,10231.127424,10049.80896
12,765,759,763,757,758,763,760.1,759.5,763.1,767,760.2,753.1,12,10196.4636,10116.47016,10169.79912,10089.80568,10103.137920000001,10169.79912,10131.135624,10123.13628,10171.132344,10223.12808,10132.468848,10037.809944
13,765,769,759,759,757,761,760.7,762.1,760.8,762,757.7,756.4,13,10196.4636,10249.792560000002,10116.47016,10116.47016,10089.80568,10143.13464,10139.134968,10157.800104,10140.468192,10156.46688,10099.138248000001,10081.806336
14,770,773,756,764,760,759,761,762.5,759.2,759,746.7,757.4,14,10263.124800000001,10303.12152,10076.47344,10183.13136,10129.8024,10116.47016,10143.13464,10163.133,10119.136608,10116.47016,9952.483608,10095.138576
15,770,771,765,768,763,755,761.7,760.7,760.5,762,758.7,755,15,10263.124800000001,10276.457040000001,10196.4636,10236.46032,10169.79912,10063.1412,10152.467208,10139.134968,10136.46852,10156.46688,10112.470488,10063.1412
16,766,775,764,767,765,756,761.7,759.5,763.2,765,761.8,754.8,16,10209.79584,10329.786,10183.13136,10223.12808,10196.4636,10076.47344,10152.467208,10123.13628,10172.465568,10196.4636,10153.800432,10060.474751999998
17,764,778,764,761,767,759,764,760.8,762,765,760,756.2,17,10183.13136,10369.782720000001,10183.13136,10143.13464,10223.12808,10116.47016,10183.13136,10140.468192,10156.46688,10196.4636,10129.8024,10079.139888000002
18,765,774,766,760,768,763,766.6,761.8,763.8,763,761.3,754.9,18,10196.4636,10316.45376,10209.79584,10129.8024,10236.46032,10169.79912,10217.795184,10153.800432,10180.464912,10169.79912,10147.134312,10061.807976
19,773,770,763,760,767,763,766.2,760.5,761.9,762,761.1,757.8,19,10303.12152,10263.124800000001,10169.79912,10129.8024,10223.12808,10169.79912,10212.462288,10136.46852,10155.133656,10156.46688,10144.467864,10100.471472
20,774,770,762,762,765,760,764,757.8,761.8,764,758.1,756.2,20,10316.45376,10263.124800000001,10156.46688,10156.46688,10196.4636,10129.8024,10183.13136,10100.471472,10153.800432,10183.13136,10104.471144000001,10079.139888000002
21,776,775,766,754,760,764,764.4,759.3,759.7,763,761.8,754.3,21,10343.11824,10329.786,10209.79584,10049.80896,10129.8024,10183.13136,10188.464256,10120.469831999999,10125.802728,10169.79912,10153.800432,10053.808631999998
22,776,775,765,751,758,766,765.5,762.7,758.4,760,760.4,760.6,22,10343.11824,10329.786,10196.4636,10009.81224,10103.137920000001,10209.79584,10203.129719999999,10165.799448,10108.470816,10129.8024,10135.135296,10137.801744
23,765,774,759,755,763,764,764.8,762.5,760.9,760,765.3,764.9,23,10196.4636,10316.45376,10116.47016,10063.1412,10169.79912,10183.13136,10193.797152,10163.133,10141.801416,10129.8024,10200.463271999999,10195.130376
24,759,773,751,759,763,762,758.4,755.2,756,763,768.8,761.4,24,10116.47016,10303.12152,10009.81224,10116.47016,10169.79912,10156.46688,10108.470816,10065.807648,10076.47344,10169.79912,10247.126111999998,10148.467536
25,748,765,754,756,759,761,757.7,755.6,749.6,763,765.6,768.8,25,9969.81552,10196.4636,10049.80896,10076.47344,10116.47016,10143.13464,10099.138248000001,10071.140544,9991.147104,10169.79912,10204.462944,10247.126111999998
26,741,765,755,754,760,759,755.5,760.8,751,759,764.4,767.7,26,9876.48984,10196.4636,10063.1412,10049.80896,10129.8024,10116.47016,10069.80732,10140.468192,10009.81224,10116.47016,10188.464256,10232.460648
27,750,771,766,756,764,761,754.2,763.3,754.7,759,764.1,762,27,9996.48,10276.457040000001,10209.79584,10076.47344,10183.13136,10143.13464,10052.475408,10173.798792,10059.141528,10116.47016,10184.464584,10156.46688
28,759,771,763,762,758,758,756.3,765,761.4,757,759.4,761.6,28,10116.47016,10276.457040000001,10169.79912,10156.46688,10103.137920000001,10103.137920000001,10080.473112,10196.4636,10148.467536,10089.80568,10121.803056,10151.133984
29,763,,754,765,765,761,760.8,764.5,764.7,759,758.9,765.9,29,10169.79912,,10049.80896,10196.4636,10196.4636,10143.13464,10140.468192,10189.79748,10192.463928000001,10116.47016,10115.136936,10208.462615999999
30,757,,752,764,764,762,762.3,763.1,765.4,761,760.8,766.5,30,10089.80568,,10023.144479999999,10183.13136,10183.13136,10156.46688,10160.466552,10171.132344,10201.796495999999,10143.13464,10140.468192,10216.46196
31,758,,751,,763,,758.6,762.4,,762,,770.9,31,10103.137920000001,,10009.81224,,10169.79912,,10111.137264,10161.799776,,10156.46688,,10275.123816
,,,,,,,,,,,,,,10169.369047741935,10258.839437142855,10157.757096774192,10125.802728000002,10148.295507096776,10156.022472000002,10150.445868387098,10142.661560516128,10136.379638399998,10175.390059354842,10138.1128296,10103.998064516129
,,,,,,,,,,,,,,,,,,,,,,,,,
,,,,,,,,,,,,,,,,,,,,,,,,,
1879,January,February,March,April,May,June,July,August,September,October,November,December,1879,,,,,,,,,,,,
,,,,,,,,,,,,,,,,,,,,,,,,,
1,770,765.3,759.6,766.8,759.6,760.5,762.4,762.5,763.1,761.5,763.4,747.8,1,10263.124800000001,10200.463271999999,10124.469504,10220.461631999999,10124.469504,10136.46852,10161.799776,10163.133,10171.132344,10149.80076,10175.132016,9967.149072
2,765.6,764.7,762.9,759.3,759.9,765.5,760.3,762.5,764.9,762.3,762.3,753.4,2,10204.462944,10192.463928000001,10168.465896,10120.469831999999,10128.469176,10203.129719999999,10133.802072,10163.133,10195.130376,10160.466552,10160.466552,10041.809615999999
3,765,763.5,760.2,756,754.7,766.4,759.5,762.6,765.8,763.5,754.7,764.3,3,10196.4636,10176.46524,10132.468848,10076.47344,10059.141528,10215.128735999999,10123.13628,10164.466224,10207.129391999999,10176.46524,10059.141528,10187.131032
4,760.1,761,762.2,749.2,757.5,765.1,760.8,761.6,763.3,764.5,759.5,755.9,4,10131.135624,10143.13464,10159.133328,9985.814208,10096.4718,10197.796824000001,10140.468192,10151.133984,10173.798792,10189.79748,10123.13628,10075.140216
5,756.8,759.3,763.4,755.3,761.3,764.4,759.3,761.9,760.8,766,772.3,753.5,5,10087.139232,10120.469831999999,10175.132016,10067.140871999998,10147.134312,10188.464256,10120.469831999999,10155.133656,10140.468192,10209.79584,10293.788951999999,10043.14284
6,763.7,758.9,766.8,760.9,759.3,759.3,761.1,762.1,761.2,766,771.9,758.3,6,10179.131688000001,10115.136936,10220.461631999999,10141.801416,10120.469831999999,10120.469831999999,10144.467864,10157.800104,10145.801088,10209.79584,10288.456055999999,10107.137592
7,759.6,758.8,769.8,759.6,757.1,761.8,761.8,761.5,761.1,765.4,763,756.8,7,10124.469504,10113.803711999999,10260.458351999998,10124.469504,10091.138904000001,10153.800432,10153.800432,10149.80076,10144.467864,10201.796495999999,10169.79912,10087.139232
8,756.2,764,774.7,753.6,759.2,762.2,765.3,762,763.1,766.4,769.5,762.8,8,10079.139888000002,10183.13136,10325.786328000002,10044.476064,10119.136608,10159.133328,10200.463271999999,10156.46688,10171.132344,10215.128735999999,10256.45868,10167.132672
9,741.3,766.5,774.1,749.9,755.6,762.4,763.7,762.6,761.4,765.6,768.6,763.5,9,9880.489512,10216.46196,10317.786983999998,9995.146776,10071.140544,10161.799776,10179.131688000001,10164.466224,10148.467536,10204.462944,10244.459664000002,10176.46524
10,752.6,764.8,774.1,754.2,753.1,765,757.2,761.4,761.1,767.2,771.2,762.8,10,10031.143824,10193.797152,10317.786983999998,10052.475408,10037.809944,10196.4636,10092.472128000001,10148.467536,10144.467864,10225.794528,10279.123488000001,10167.132672
11,756,755.8,770.7,753.5,754.2,765.5,760.5,760,760.1,766.3,766,766.5,11,10076.47344,10073.806992,10272.457368,10043.14284,10052.475408,10203.129719999999,10136.46852,10129.8024,10131.135624,10213.795511999999,10209.79584,10216.46196
12,758.7,750.9,765.4,749.4,756.7,765.1,762.4,759.1,763.2,769.8,761,770.8,12,10112.470488,10008.479016,10201.796495999999,9988.480656,10085.806008000001,10197.796824000001,10161.799776,10117.803384,10172.465568,10260.458351999998,10143.13464,10273.790592000001
13,762.2,755.5,760.8,750.4,761.4,763.3,763.8,759.2,762.8,771.8,754.1,769.1,13,10159.133328,10069.80732,10140.468192,10001.812896,10148.467536,10173.798792,10180.464912,10119.136608,10167.132672,10287.122832000001,10051.142184,10251.125784
14,766.4,758.7,757,759.8,764.7,763.3,760.8,761.3,763.7,768.8,760.3,767.2,14,10215.128735999999,10112.470488,10089.80568,10127.135952,10192.463928000001,10173.798792,10140.468192,10147.134312,10179.131688000001,10247.126111999998,10133.802072,10225.794528
15,765.5,751.7,765,757.8,765.1,761.8,759.3,760.6,764.7,763.3,760.3,767.2,15,10203.129719999999,10019.144808000001,10196.4636,10100.471472,10197.796824000001,10153.800432,10120.469831999999,10137.801744,10192.463928000001,10173.798792,10133.802072,10225.794528
16,762.5,749.9,766,756,765.8,762.7,760,758.4,762.5,762.4,759.2,768.6,16,10163.133,9995.146776,10209.79584,10076.47344,10207.129391999999,10165.799448,10129.8024,10108.470816,10163.133,10161.799776,10119.136608,10244.459664000002
17,761.3,746.5,766.4,750.8,762.9,757.8,761.2,759.5,763.3,752.5,763.6,767.3,17,10147.134312,9949.81716,10215.128735999999,10007.145792,10168.465896,10100.471472,10145.801088,10123.13628,10173.798792,10029.810599999999,10177.798464,10227.127751999999
18,761.2,745,764.6,755.4,760.2,760,761.2,760.7,761.2,762.1,767,768,18,10145.801088,9929.818800000001,10191.130704,10068.474096,10132.468848,10129.8024,10145.801088,10139.134968,10145.801088,10157.800104,10223.12808,10236.46032
19,761.1,752.2,762.9,759.8,759,761.6,761,761.3,761.3,762.3,760.2,765.9,19,10144.467864,10025.810928,10168.465896,10127.135952,10116.47016,10151.133984,10143.13464,10147.134312,10147.134312,10160.466552,10132.468848,10208.462615999999
20,761.8,759.5,758.9,760.9,758.8,763.1,761.4,762.4,760.6,764.7,760.1,769.3,20,10153.800432,10123.13628,10115.136936,10141.801416,10113.803711999999,10171.132344,10148.467536,10161.799776,10137.801744,10192.463928000001,10131.135624,10253.792231999998
21,764.5,748.9,759.3,759.1,761.1,761.4,760.8,762.6,760.1,753.8,767.1,770.9,21,10189.79748,9981.814536,10120.469831999999,10117.803384,10144.467864,10148.467536,10140.468192,10164.466224,10131.135624,10047.142511999999,10224.461304,10275.123816
22,765.2,752,752,756.7,765.6,762.6,756.8,761.3,758.4,753.6,771.6,773,22,10199.130048,10023.144479999999,10023.144479999999,10085.806008000001,10204.462944,10164.466224,10087.139232,10147.134312,10108.470816,10044.476064,10284.456384000001,10303.12152
23,764.7,747.2,751.6,754.3,767.4,762.8,760,763.5,759.3,759.1,770,776.2,23,10192.463928000001,9959.149728,10017.811584,10053.808631999998,10228.460976,10167.132672,10129.8024,10176.46524,10120.469831999999,10117.803384,10263.124800000001,10345.784688000002
24,765.9,754.9,747.4,753.5,764.5,761.4,765.1,763.1,761.7,761.8,765.3,776.8,24,10208.462615999999,10061.807976,9961.816176,10043.14284,10189.79748,10148.467536,10197.796824000001,10171.132344,10152.467208,10153.800432,10200.463271999999,10353.784032
25,761.3,736.8,753.3,756.1,758.5,761.3,765.2,762,763.2,760.9,761.1,773.4,25,10147.134312,9820.494432,10040.476391999999,10077.806664,10109.80404,10147.134312,10199.130048,10156.46688,10172.465568,10141.801416,10144.467864,10308.454416
26,762.5,755.5,758.1,759.3,755.5,763.8,764.1,762.1,760.3,763.8,754.9,769.8,26,10163.133,10069.80732,10104.471144000001,10120.469831999999,10069.80732,10180.464912,10184.464584,10157.800104,10133.802072,10180.464912,10061.807976,10260.458351999998
27,766.9,758.1,751.9,759.2,755.7,765.9,762.9,762.8,762.3,766.6,754.5,771.7,27,10221.794855999999,10104.471144000001,10021.811255999999,10119.136608,10072.473768000002,10208.462615999999,10168.465896,10167.132672,10160.466552,10217.795184,10056.47508,10285.789608
28,766.7,759.1,755,753.8,760.5,765.1,763.7,764.5,764,766.2,754.5,777.7,28,10219.128408,10117.803384,10063.1412,10047.142511999999,10136.46852,10197.796824000001,10179.131688000001,10189.79748,10183.13136,10212.462288,10056.47508,10365.783048000001
29,764.8,,758.4,754.4,763.3,764.9,764.9,764,761.8,765.5,753.9,777.7,29,10193.797152,,10108.470816,10055.141855999998,10173.798792,10195.130376,10195.130376,10183.13136,10153.800432,10203.129719999999,10048.475735999999,10365.783048000001
30,761,,762.3,755.2,767.2,763.8,763.6,763.1,763.4,766.2,744.6,773.3,30,10143.13464,,10160.466552,10065.807648,10225.794528,10180.464912,10177.798464,10171.132344,10175.132016,10212.462288,9924.485904000001,10307.121191999999
31,763.8,,765.7,,762.7,,762.8,762.2,,762.5,,768.7,31,10180.464912,,10205.796168,,10165.799448,,10167.132672,10159.133328,,10163.133,,10245.792888
,,,,,,,,,,,,,,10153.413366967745,10075.044985714287,10155.821771612906,10076.562321600002,10133.285985290322,10169.710238400003,10152.55322245161,10153.19833083871,10158.1111896,10178.142521806449,10159.000005599997,10219.343444129036
,,,,,,,,,,,,,,,,,,,,,,,,,
,,,,,,,,,,,,,,,,,,,,,,,,,
1880,January,February,March,April,May,June,July,August,September,October,November,December,1880,,,,,,,,,,,,
,,,,,,,,,,,,,,,,,,,,,,,,,
1,769.8,772.5,760.2,758.6,759.1,763.5,761.5,757.3,765,768.7,763.8,773.4,1,10260.458351999998,10296.455399999999,10132.468848,10111.137264,10117.803384,10176.46524,10149.80076,10093.805352,10196.4636,10245.792888,10180.464912,10308.454416
2,770.6,771.6,762.4,758.1,753.7,763.2,763.7,755.9,768.6,765.2,761.6,770.4,2,10271.124144000001,10284.456384000001,10161.799776,10104.471144000001,10045.809288,10172.465568,10179.131688000001,10075.140216,10244.459664000002,10199.130048,10151.133984,10268.457696000001
3,770,771.9,765.1,762,753.3,762.1,764.8,752.6,768.7,760.8,759.9,766.4,3,10263.124800000001,10288.456055999999,10197.796824000001,10156.46688,10040.476391999999,10157.800104,10193.797152,10031.143824,10245.792888,10140.468192,10128.469176,10215.128735999999
4,770.5,771.8,763,761.4,754.3,759.2,763.7,756.5,767.4,763,759.7,770,4,10269.79092,10287.122832000001,10169.79912,10148.467536,10053.808631999998,10119.136608,10179.131688000001,10083.13956,10228.460976,10169.79912,10125.802728,10263.124800000001
5,774.5,769.3,765.7,753,760.1,758.3,761.9,761.4,769,765.3,763.8,770,5,10323.119879999998,10253.792231999998,10205.796168,10036.476719999999,10131.135624,10107.137592,10155.133656,10148.467536,10249.792560000002,10200.463271999999,10180.464912,10263.124800000001
6,772.9,765.5,768.3,753.2,757.6,763.2,762.8,762.8,767.3,765.4,766.4,770.7,6,10301.788295999999,10203.129719999999,10240.459991999998,10039.143168,10097.805024000001,10172.465568,10167.132672,10167.132672,10227.127751999999,10201.796495999999,10215.128735999999,10272.457368
7,774.9,761.3,769.3,747.3,756.6,765.5,763.4,754.8,766,763.4,767.8,773.1,7,10328.452775999998,10147.134312,10253.792231999998,9960.482952,10084.472784000001,10203.129719999999,10175.132016,10060.474751999998,10209.79584,10175.132016,10233.793871999998,10304.454743999999
8,774,761.9,767.1,752.3,748.2,764.7,760.8,755.5,764.2,763.3,767.5,774.3,8,10316.45376,10155.133656,10224.461304,10027.144151999999,9972.481968,10192.463928000001,10140.468192,10069.80732,10185.797808000001,10173.798792,10229.7942,10320.453431999998
9,772.3,762.3,769.1,755,752.2,765.4,761.8,756.5,763.3,764.6,765.2,772,9,10293.788951999999,10160.466552,10251.125784,10063.1412,10025.810928,10201.796495999999,10153.800432,10083.13956,10173.798792,10191.130704,10199.130048,10289.78928
10,770.9,762.3,773,758.4,756.9,765.7,763.8,759,763.9,764.5,762.8,761.1,10,10275.123816,10160.466552,10303.12152,10108.470816,10088.472456,10205.796168,10180.464912,10116.47016,10181.798136,10189.79748,10167.132672,10144.467864
11,772,761.3,771.1,755.9,760.3,764.4,764.7,759.5,760.7,767.1,767.6,764.7,11,10289.78928,10147.134312,10277.790264,10075.140216,10133.802072,10188.464256,10192.463928000001,10123.13628,10139.134968,10224.461304,10231.127424,10192.463928000001
12,771.1,763.5,769.6,753.3,756.4,762.6,764.8,759.6,759.4,761.6,763,766.7,12,10277.790264,10176.46524,10257.791904000002,10040.476391999999,10081.806336,10164.466224,10193.797152,10124.469504,10121.803056,10151.133984,10169.79912,10219.128408
13,771.7,764.5,769.5,760.9,757.4,764,764.2,760.4,760.2,763.2,761,763.9,13,10285.789608,10189.79748,10256.45868,10141.801416,10095.138576,10183.13136,10185.797808000001,10135.135296,10132.468848,10172.465568,10143.13464,10181.798136
14,769.8,765.2,772.3,767.8,759.4,762.7,762.1,758.9,761.2,759.7,764.9,763.3,14,10260.458351999998,10199.130048,10293.788951999999,10233.793871999998,10121.803056,10165.799448,10157.800104,10115.136936,10145.801088,10125.802728,10195.130376,10173.798792
15,760.3,766.2,769.5,767.4,759.6,760,761.7,758.1,761.9,762.6,763.5,761.4,15,10133.802072,10212.462288,10256.45868,10228.460976,10124.469504,10129.8024,10152.467208,10104.471144000001,10155.133656,10164.466224,10176.46524,10148.467536
16,760.5,764.7,768.2,759.8,759.6,760.6,762.8,760.5,757.7,766.1,763.8,762.9,16,10136.46852,10192.463928000001,10239.126768000002,10127.135952,10124.469504,10137.801744,10167.132672,10136.46852,10099.138248000001,10211.129064,10180.464912,10168.465896
17,762.1,763.5,765.2,757.9,760.5,765.3,763.8,760.9,760.8,766.5,756.8,760.9,17,10157.800104,10176.46524,10199.130048,10101.804696,10136.46852,10200.463271999999,10180.464912,10141.801416,10140.468192,10216.46196,10087.139232,10141.801416
18,761.1,760,761,761.5,754.1,761.7,763.8,760.8,763.2,765.9,749.8,760.7,18,10144.467864,10129.8024,10143.13464,10149.80076,10051.142184,10152.467208,10180.464912,10140.468192,10172.465568,10208.462615999999,9993.813552,10139.134968
19,761,761.9,766.6,764.5,752.9,758,764.8,759.3,765.3,762.2,759.9,763.8,19,10143.13464,10155.133656,10217.795184,10189.79748,10035.143495999999,10103.137920000001,10193.797152,10120.469831999999,10200.463271999999,10159.133328,10128.469176,10180.464912
20,763.3,766.5,766.4,766,752.9,757.5,764.8,761.7,761.8,758.1,761.5,767.8,20,10173.798792,10216.46196,10215.128735999999,10209.79584,10035.143495999999,10096.4718,10193.797152,10152.467208,10153.800432,10104.471144000001,10149.80076,10233.793871999998
21,770.7,766.7,764.1,766.2,757.7,756.6,762.6,762.8,758.1,760.8,762.6,765,21,10272.457368,10219.128408,10184.464584,10212.462288,10099.138248000001,10084.472784000001,10164.466224,10167.132672,10104.471144000001,10140.468192,10164.466224,10196.4636
22,769.7,765,763.6,763.2,762.9,758.6,760.6,761.1,762.2,764.5,762.8,760.1,22,10259.125128,10196.4636,10177.798464,10172.465568,10168.465896,10111.137264,10137.801744,10144.467864,10159.133328,10189.79748,10167.132672,10131.135624
23,766.6,759.6,764.9,761.1,763.2,761.5,757.7,762.2,764,760.4,768.8,765.4,23,10217.795184,10124.469504,10195.130376,10144.467864,10172.465568,10149.80076,10099.138248000001,10159.133328,10183.13136,10135.135296,10247.126111999998,10201.796495999999
24,767.4,756.9,769,764.5,768.5,763.1,761.1,761.4,759.9,757.8,772.2,764.1,24,10228.460976,10088.472456,10249.792560000002,10189.79748,10243.12644,10171.132344,10144.467864,10148.467536,10128.469176,10100.471472,10292.455728,10184.464584
25,766.5,763.6,769.4,764,771.2,761.7,764.1,762.6,761.9,757.7,772.4,758,25,10216.46196,10177.798464,10255.125456000002,10183.13136,10279.123488000001,10152.467208,10184.464584,10164.466224,10155.133656,10099.138248000001,10295.122176,10103.137920000001
26,764.9,766.6,767.7,758.9,769.3,761.7,763.8,762.5,763.3,766.2,770.6,754.5,26,10195.130376,10217.795184,10232.460648,10115.136936,10253.792231999998,10152.467208,10180.464912,10163.133,10173.798792,10212.462288,10271.124144000001,10056.47508
27,766.3,759.5,765.2,752.7,765.8,758.6,759.5,762.8,763.5,767.4,769.4,761.1,27,10213.795511999999,10123.13628,10199.130048,10032.477048,10207.129391999999,10111.137264,10123.13628,10167.132672,10176.46524,10228.460976,10255.125456000002,10144.467864
28,770.3,756.6,764.4,756.9,764.4,763.3,758.4,763.9,763.9,762.7,769.9,767.5,28,10267.124472,10084.472784000001,10188.464256,10088.472456,10188.464256,10173.798792,10108.470816,10181.798136,10181.798136,10165.799448,10261.791576,10229.7942
29,770.9,759.7,761.7,761.7,763.2,764.3,759.4,763.8,765.2,757.9,771.9,767.8,29,10275.123816,10125.802728,10152.467208,10152.467208,10172.465568,10187.131032,10121.803056,10180.464912,10199.130048,10101.804696,10288.456055999999,10233.793871999998
30,767.5,,753.1,760.6,760.1,761.5,762.1,756.9,767,755,774.9,765.5,30,10229.7942,,10037.809944,10137.801744,10131.135624,10149.80076,10157.800104,10088.472456,10223.12808,10063.1412,10328.452775999998,10203.129719999999
31,770.5,,754.9,,760,,760.5,759.3,,761,,763.8,31,10269.79092,,10061.807976,,10129.8024,,10136.46852,10120.469831999999,,10143.13464,,10180.464912
,,,,,,,,,,,,,,10243.599519483869,10185.843781241376,10207.473449806452,10122.736312800002,10117.502333419354,10155.800268,10162.27285548387,10126.060771354836,10176.2874768,10167.906802064517,10194.5970864,10203.043705548389
,,,,,,,,,,,,,,,,,,,,,,,,,
,,,,,,,,,,,,,,,,,,,,,,,,,
1881,January,February,March,April,May,June,July,August,September,October,November,December,1881,,,,,,,,,,,,
,,,,,,,,,,,,,,,,,,,,,,,,,
1,762.9,755.9,756.7,760.1,768,763.1,763.1,763.9,756.1,757.5,751.6,769.4,1,10168.465896,10075.140216,10085.806008000001,10131.135624,10236.46032,10171.132344,10171.132344,10181.798136,10077.806664,10096.4718,10017.811584,10255.125456000002
2,765.4,757,755,757.7,766.4,760.7,763.2,764.3,754.3,759.9,751,769.7,2,10201.796495999999,10089.80568,10063.1412,10099.138248000001,10215.128735999999,10139.134968,10172.465568,10187.131032,10053.808631999998,10128.469176,10009.81224,10259.125128
3,764.6,762.3,765.2,754.9,762.4,762.8,766.1,763.8,755.8,757.7,761.4,767.7,3,10191.130704,10160.466552,10199.130048,10061.807976,10161.799776,10167.132672,10211.129064,10180.464912,10073.806992,10099.138248000001,10148.467536,10232.460648
4,763.4,761.2,767.4,756.4,760,764,765.7,764.8,760.3,756.3,769.7,769.1,4,10175.132016,10145.801088,10228.460976,10081.806336,10129.8024,10183.13136,10205.796168,10193.797152,10133.802072,10080.473112,10259.125128,10251.125784
5,762.7,756.5,762.5,753.4,760.6,762.9,767.1,766.2,757.9,759.6,773.4,770.9,5,10165.799448,10083.13956,10163.133,10041.809615999999,10137.801744,10168.465896,10224.461304,10212.462288,10101.804696,10124.469504,10308.454416,10275.123816
6,760.4,752.4,764.5,753.1,764.7,757.6,764.7,765.4,760.3,761.7,775.1,770.4,6,10135.135296,10028.477375999999,10189.79748,10037.809944,10192.463928000001,10097.805024000001,10192.463928000001,10201.796495999999,10133.802072,10152.467208,10331.119223999998,10268.457696000001
7,762.2,753.3,763.7,754.4,768,751.1,763.1,762.5,759.5,763.2,770.9,766.5,7,10159.133328,10040.476391999999,10179.131688000001,10055.141855999998,10236.46032,10011.145464,10171.132344,10163.133,10123.13628,10172.465568,10275.123816,10216.46196
8,758.8,760.6,763.7,761.1,765.5,751.6,762.9,760.1,762.5,763.5,765,758.1,8,10113.803711999999,10137.801744,10179.131688000001,10144.467864,10203.129719999999,10017.811584,10168.465896,10131.135624,10163.133,10176.46524,10196.4636,10104.471144000001
9,758.8,752.6,763.9,762.5,760,752.3,762.6,759.8,760.2,758.9,763.4,756.8,9,10113.803711999999,10031.143824,10181.798136,10163.133,10129.8024,10027.144151999999,10164.466224,10127.135952,10132.468848,10115.136936,10175.132016,10087.139232
10,760.8,757.1,766.6,760.5,756.2,757.3,762.2,760.8,760,756.9,763.3,759.5,10,10140.468192,10091.138904000001,10217.795184,10136.46852,10079.139888000002,10093.805352,10159.133328,10140.468192,10129.8024,10088.472456,10173.798792,10123.13628
11,757.5,751,762.8,759.9,759.1,760.9,763.3,759.6,759.1,756.7,766.6,754,11,10096.4718,10009.81224,10167.132672,10128.469176,10117.803384,10141.801416,10173.798792,10124.469504,10117.803384,10085.806008000001,10217.795184,10049.80896
12,755.3,746.9,762.7,758.3,760.9,762.8,765.4,759.1,763.3,758.7,769.3,755.5,12,10067.140871999998,9955.150056,10165.799448,10107.137592,10141.801416,10167.132672,10201.796495999999,10117.803384,10173.798792,10112.470488,10253.792231999998,10069.80732
13,749.8,752.5,757.9,760.7,760.8,764.4,765.5,756.9,768.5,762.3,771.6,762.7,13,9993.813552,10029.810599999999,10101.804696,10139.134968,10140.468192,10188.464256,10203.129719999999,10088.472456,10243.12644,10160.466552,10284.456384000001,10165.799448
14,750.1,761.1,758.1,763.8,761.4,764.9,766,755.8,766.3,761.8,768.3,765,14,9997.813224,10144.467864,10104.471144000001,10180.464912,10148.467536,10195.130376,10209.79584,10073.806992,10213.795511999999,10153.800432,10240.459991999998,10196.4636
15,746.9,764.7,764.4,765.2,762,763.7,767.5,751.5,764.1,761,768.9,758.8,15,9955.150056,10192.463928000001,10188.464256,10199.130048,10156.46688,10179.131688000001,10229.7942,10016.47836,10184.464584,10143.13464,10248.459335999998,10113.803711999999
16,750.8,767.8,767.8,764.7,762.2,763.6,764.1,759.7,761.3,758.7,771.1,756,16,10007.145792,10233.793871999998,10233.793871999998,10192.463928000001,10159.133328,10177.798464,10184.464584,10125.802728,10147.134312,10112.470488,10277.790264,10076.47344
17,763.5,765.5,770.5,763.7,759.3,763.3,760.5,761.1,763.3,764.7,769,762.2,17,10176.46524,10203.129719999999,10269.79092,10179.131688000001,10120.469831999999,10173.798792,10136.46852,10144.467864,10173.798792,10192.463928000001,10249.792560000002,10159.133328
18,758.1,762.6,775,761.9,758.9,763.9,761.7,754.8,765.2,764.5,762.8,764.7,18,10104.471144000001,10164.466224,10329.786,10155.133656,10115.136936,10181.798136,10152.467208,10060.474751999998,10199.130048,10189.79748,10167.132672,10192.463928000001
19,754,766.2,771.4,,761.7,764.1,762.5,760.4,766,763.5,769.3,758.1,19,10049.80896,10212.462288,10281.789936000001,,10152.467208,10184.464584,10163.133,10135.135296,10209.79584,10176.46524,10253.792231999998,10104.471144000001
20,753.2,767.5,767.1,749.9,761.8,763.9,761.3,763.9,763.6,762,773.2,757.6,20,10039.143168,10229.7942,10224.461304,9995.146776,10153.800432,10181.798136,10147.134312,10181.798136,10177.798464,10156.46688,10305.787968,10097.805024000001
21,752.1,768,758.6,750.8,762.4,764.7,760.6,764.5,759.2,755.1,773.6,757.6,21,10024.477703999999,10236.46032,10111.137264,10007.145792,10161.799776,10192.463928000001,10137.801744,10189.79748,10119.136608,10064.474424,10311.120864,10097.805024000001
22,761.7,767.4,752.4,752.3,763.1,765.5,760.4,762.8,757.9,758.5,772.6,762.8,22,10152.467208,10228.460976,10028.477375999999,10027.144151999999,10171.132344,10203.129719999999,10135.135296,10167.132672,10101.804696,10109.80404,10297.788624,10167.132672
23,753.5,767.6,764.3,757.3,762.3,764.4,759.5,762.8,758.4,757.1,771.5,756.5,23,10043.14284,10231.127424,10187.131032,10093.805352,10160.466552,10188.464256,10123.13628,10167.132672,10108.470816,10091.138904000001,10283.12316,10083.13956
24,765,767.5,768.5,757.1,761.8,764.1,761.5,762.9,762.3,751.5,772.4,758,24,10196.4636,10229.7942,10243.12644,10091.138904000001,10153.800432,10184.464584,10149.80076,10168.465896,10160.466552,10016.47836,10295.122176,10103.137920000001
25,765.9,766.2,757,764.5,762.6,763.9,760.6,761,761.1,752.4,773.6,760.6,25,10208.462615999999,10212.462288,10089.80568,10189.79748,10164.466224,10181.798136,10137.801744,10143.13464,10144.467864,10028.477375999999,10311.120864,10137.801744
26,759.4,760.7,756.1,765.2,760.8,761.3,759.2,760.7,763.3,752.3,770,770.2,26,10121.803056,10139.134968,10077.806664,10199.130048,10140.468192,10147.134312,10119.136608,10139.134968,10173.798792,10027.144151999999,10263.124800000001,10265.791248000001
27,758.8,757.1,752.4,753.7,758.8,756.8,756.3,759.8,764.8,759.1,767.5,776.1,27,10113.803711999999,10091.138904000001,10028.477375999999,10045.809288,10113.803711999999,10087.139232,10080.473112,10127.135952,10193.797152,10117.803384,10229.7942,10344.451464000002
28,755.1,756.8,754.6,756.1,755.8,757.9,760.6,757.1,766.5,759.2,764.4,776.1,28,10064.474424,10087.139232,10057.808304,10077.806664,10073.806992,10101.804696,10137.801744,10091.138904000001,10216.46196,10119.136608,10188.464256,10344.451464000002
29,756.1,,760,761.2,757.5,761.1,766.9,764.7,763,756.8,765.2,770.5,29,10077.806664,,10129.8024,10145.801088,10096.4718,10144.467864,10221.794855999999,10192.463928000001,10169.79912,10087.139232,10199.130048,10269.79092
30,747.2,,751,767.1,761.4,761.1,765.9,765.2,756.2,754.4,770.1,769.5,30,9959.149728,,10009.81224,10224.461304,10148.467536,10144.467864,10208.462615999999,10199.130048,10079.139888000002,10055.141855999998,10264.458024,10256.45868
31,751.8,,757.1,,763.4,,763.8,761,,748.7,,,31,10020.478031999999,,10091.138904000001,,10175.132016,,10180.464912,10143.13464,,9979.148088,,
,,,,,,,,,,,,,,10097.891038451613,10132.65930857143,10155.133656000002,10114.861096551722,10151.219998451612,10147.445397599999,10170.143177806449,10145.672066322582,10147.712042399999,10110.105090580646,10234.5938064,10178.9539248
