"DAILY WEATHER REPORTS",,,,,,,,,,,,,,,
,,,,,,,,,,,,,,,
1863,"January ",February,March,April,May,June,July,August,September,October,November,December,,,
,,,,,,,,,,,,,,,
1,-9999,-9999,-9999,-9999,-9999,30.11,30.11,30.08,29.92,29.23,-9999,29.26,,,
2,-9999,-9999,-9999,-9999,-9999,29.93,29.79,-9999,29.48,29.5,29.19,29.22,,,
3,-9999,-9999,-9999,-9999,-9999,29.89,30.23,29.77,29.57,29.63,29.48,29.1,,,
4,-9999,-9999,-9999,-9999,-9999,29.92,30.29,29.78,29.77,-9999,29.6,30.05,,,
5,-9999,-9999,-9999,-9999,-9999,29.84,-9999,29.68,29.55,29.79,30.1,29.57,,,
6,-9999,-9999,-9999,-9999,-9999,29.41,30.16,29.69,-9999,29.91,30.52,-9999,,,
7,-9999,-9999,-9999,-9999,-9999,-9999,29.96,29.76,29.48,29.9,30.13,29.92,,,
8,-9999,-9999,-9999,-9999,-9999,29.41,30.08,29.63,29.75,29.89,-9999,29.66,,,
9,-9999,-9999,-9999,-9999,-9999,29.58,30.23,-9999,29.72,29.58,30.41,29.92,,,
10,-9999,-9999,-9999,-9999,-9999,29.61,30.35,29.98,29.95,29.42,29.72,29.95,,,
11,-9999,-9999,-9999,-9999,-9999,29.46,30.45,29.97,30.21,-9999,29.39,29.92,,,
12,-9999,-9999,-9999,-9999,-9999,29.65,-9999,30.08,30.06,29.3,29.96,30,,,
13,-9999,-9999,-9999,-9999,-9999,29.84,30.6,29.91,-9999,29.19,30.03,-9999,,,
14,-9999,-9999,-9999,-9999,-9999,-9999,30.53,29.96,30.31,29.3,30.02,30.4,,,
15,-9999,-9999,-9999,-9999,-9999,29.9,30.36,29.36,29.96,29.48,-9999,30.22,,,
16,-9999,-9999,-9999,-9999,-9999,29.79,30.3,-9999,29.92,29.57,29.9,29.65,,,
17,-9999,-9999,-9999,-9999,-9999,29.75,30.13,29.6,29.95,29.82,29.9,30.23,,,
18,-9999,-9999,-9999,-9999,-9999,29.86,29.91,29.84,29.82,-9999,29.86,30.46,,,
19,-9999,-9999,-9999,-9999,-9999,29.79,-9999,29.75,29.33,29.84,29.93,-9999,,,
20,-9999,-9999,-9999,-9999,-9999,29.88,29.86,30.09,-9999,30.01,29.77,-9999,,,
21,-9999,-9999,-9999,-9999,-9999,-9999,29.81,30.15,29.04,30.15,29.4,30.12,,,
22,-9999,-9999,-9999,-9999,-9999,29.81,29.66,30.04,28.79,30.17,-9999,30.07,,,
23,-9999,-9999,-9999,-9999,-9999,29.89,29.86,-9999,29.13,30.3,29.63,29.92,,,
24,-9999,-9999,-9999,-9999,-9999,29.97,29.99,29.66,29.33,30.14,29.74,30.08,,,
25,-9999,-9999,-9999,-9999,-9999,30.07,29.96,29.47,29.62,-9999,29.48,-9999,,,
26,-9999,-9999,-9999,-9999,-9999,29.93,-9999,29.44,29.96,30.11,29.91,29.8,,,
27,-9999,-9999,-9999,-9999,-9999,29.67,30.19,29.4,-9999,29.94,30.03,-9999,,,
28,-9999,-9999,-9999,-9999,-9999,-9999,30.09,29.66,29.58,29.58,30.09,30.1,,,
29,-9999,-9999,-9999,-9999,-9999,29.9,30.14,29.63,29.7,28.96,-9999,29.83,,,
30,-9999,-9999,-9999,-9999,-9999,30.13,30.25,-9999,29.62,28.93,30.04,30.16,,,
31,-9999,-9999,-9999,-9999,-9999,,30.25,29.93,,28.95,,29.71,,,
,,,,,,,,,,,,,,,
,,,,,,,,,,,,,,,
,,,,,,,,,,,,,,,
1864,January,February,March,April,May,June,July,August,September,October,November,December,,,
,,,,,,,,,,,,,,,
1,29.97,29.77,29.8,29.39,-9999,29.8,29.91,29.9,29.63,30.1,30.31,29.91,,,
2,30.4,29.73,29.86,29.83,29.82,29.85,29.52,30.12,29.65,30.35,30.33,30.13,,,
3,-9999,29.77,29.73,-9999,29.83,29.97,-9999,30.05,29.56,30.43,30.26,29.91,,,
4,30.51,30.29,29.58,29.86,29.76,29.93,29.88,29.84,-9999,30.26,30.37,29.85,,,
5,30.44,30.54,29.45,30.08,29.79,-9999,30.08,30.01,29.72,30.18,30.44,29.76,,,
6,30.25,30.45,-9999,30.15,29.79,29.86,30.23,30.03,29.71,30.21,30.69,29.82,,,
7,30.22,-9999,28.9,30.13,29.83,29.84,30.28,-9999,29.87,30.34,30.41,29.47,,,
8,30.08,29.82,29.34,30.24,-9999,29.8,30.27,29.82,29.75,30.32,30.22,29.49,,,
9,29.77,29.63,29.49,30.3,29.72,29.81,30.21,29.84,29.27,30.3,30.3,29.61,,,
10,-9999,29.5,29.37,-9999,29.99,29.85,-9999,30.02,29.8,30.42,30.16,29.71,,,
11,29.81,29.68,29.08,30.08,30.02,29.5,30.25,30.37,-9999,30.48,29.97,29.19,,,
12,29.88,29.01,29.95,30.11,30.03,-9999,30.2,30.31,30.03,30.44,29.75,29.33,,,
13,30.22,28.95,-9999,30.01,30.1,29.56,30.14,30.31,29.71,30.25,28.85,29.43,,,
14,30.24,-9999,29.68,29.79,30.09,29.35,30.15,-9999,29.23,30.18,28.48,29.82,,,
15,29.98,29.56,29.74,29.7,-9999,29.36,30.14,30.58,29.34,30.15,28.93,29.84,,,
16,30.05,29.62,30.06,29.81,30.12,29.77,30.14,30.41,29.24,29.48,29.37,29.92,,,
17,-9999,30.15,29.92,-9999,30.12,29.79,-9999,30.24,29.24,29.4,28.87,30.14,,,
18,29.97,30.31,29.81,29.9,30.26,29.88,-9999,30.1,-9999,29.48,28.99,29.9,,,
19,29.85,30.47,29.65,29.59,30.22,-9999,30.11,29.81,29.68,29.27,29.53,29.85,,,
20,30.08,30.16,-9999,29.67,30.15,29.85,30.01,29.89,29.76,28.8,29.53,29.92,,,
21,29.62,-9999,29.8,29.88,30.15,29.82,29.66,-9999,29.53,29.59,29.61,30.22,,,
22,29.38,29.86,29.87,30.17,-9999,29.94,29.58,30.07,29.42,29.25,29.36,30.32,,,
23,29.52,30.11,30.05,30.24,30.1,29.85,29.87,30.06,29.8,29.3,29.44,30.47,,,
24,-9999,30.11,30,-9999,30.26,30,-9999,30.25,30.11,29.43,29.47,30.58,,,
25,30.23,30.11,-9999,30.27,30.15,30.01,29.6,30.23,-9999,29.64,29.07,30.41,,,
26,29.88,30.06,29.8,30.26,30.16,-9999,29.78,30.38,30.23,29.53,28.83,30.27,,,
27,29.71,29.81,-9999,30.31,30.13,30.27,29.84,30.18,30.17,29.54,29.44,30.29,,,
28,29.79,-9999,29.34,30.21,30.12,30.06,29.57,-9999,30.39,29.68,29.27,30.28,,,
29,30.23,29.66,29.57,30.21,-9999,29.87,29.89,29.89,30.26,29.8,30.01,30.13,,,
30,30.08,,29.55,30.2,29.89,29.9,29.94,29.68,30.17,30.11,29.54,29.8,,,
31,-9999,,29.34,,29.84,,,29.54,,30.24,,29.88,,,
,,,,,,,,,,,,,,,
,,,,,,,,,,,,,,,
,,,,,,,,,,,,,,,
1865,January,February,March,April,May,June,July,August,September,October,November,December,,,
,,,,,,,,,,,,,,,
1,-9999,28.62,29.63,30.07,29.74,29.86,29.87,29.83,30.07,-9999,30,29.99,,,
2,29.38,28.94,29.71,-9999,29.56,29.7,-9999,29.68,30.1,29.98,29.73,29.71,,,
3,29.52,29.1,30.22,29.74,29.45,29.85,29.94,29.88,-9999,30.09,30.06,-9999,,,
4,29.6,29.46,29.52,29.93,29.63,-9999,29.78,30.04,30,30.19,30.2,29.4,,,
5,29.92,-9999,-9999,30.08,29.74,30.19,29.82,29.99,29.96,30.05,-9999,29.31,,,
6,29.89,29.79,29.24,29.96,29.72,30.24,29.86,-9999,29.95,30.04,30.43,29.58,,,
7,30.13,29.77,29.72,30.04,-9999,30.46,29.54,29.8,29.86,29.96,30.39,29.76,,,
8,-9999,29.98,29.91,-9999,30.04,30.39,29.63,30.03,29.71,-9999,30.39,30.38,,,
9,29.48,30.39,30.16,-9999,29.88,30.43,-9999,29.82,29.79,29.36,30.22,30.34,,,
10,29.32,30.54,29.76,30.27,29.77,30.27,29.79,29.61,-9999,29.33,30.32,-9999,,,
11,29.45,30.35,30.04,30.27,29.79,-9999,29.77,29.33,30.23,29.33,30.22,30.71,,,
12,28.68,-9999,-9999,30.04,29.92,30.5,29.95,29.57,30.33,29.47,-9999,30.61,,,
13,28.92,30.44,29.8,29.94,30,30.57,29.54,-9999,30.28,29.8,30.37,30.54,,,
14,28.38,30.39,30.01,-9999,-9999,30.48,29.52,29.51,30.22,29.9,29.96,30.56,,,
15,-9999,30.06,30.07,30.23,29.48,30.48,29.49,29.45,30.02,-9999,30.17,30.77,,,
16,29,-9999,29.84,-9999,29.54,-9999,-9999,29.46,30.03,29.74,30,30.7,,,
17,29.4,29.17,29.81,29.96,29.61,30.55,29.97,29.43,-9999,29.31,29.44,30.6,,,
18,29.43,29.4,29.89,30.02,29.96,-9999,29.74,29.88,30.43,29.38,29.95,30.5,,,
19,29.6,-9999,-9999,30.32,29.97,30.4,29.59,29.94,30.37,29.48,-9999,30.07,,,
20,29.7,30.28,30.12,30.34,30.23,30.37,29.59,-9999,29.93,29.46,29.47,30.03,,,
21,29.67,30.16,30.19,30.38,-9999,30.38,29.7,29.69,30.34,29.59,28.73,29.75,,,
22,-9999,30.19,30.22,30.27,29.91,30.26,29.7,29.68,30.37,-9999,28.64,29.99,,,
23,29.87,30.12,30.08,-9999,30.01,30.08,-9999,29.61,30.55,29.73,29.08,30.05,,,
24,29.77,29.59,29.99,30.36,-9999,30.24,30.15,29.81,-9999,29.39,28.88,-9999,,,
25,29.72,30.18,29.65,30.31,30.04,-9999,30.25,30.14,30.42,29.52,29.24,-9999,,,
26,29.6,-9999,-9999,30.26,29.89,30.13,30.38,30.17,30.21,29.11,-9999,29.97,,,
27,29.58,30.04,30.14,30.2,29.73,30.22,30.21,-9999,30.06,28.83,29.51,30.15,,,
28,29.84,29.31,29.95,30.11,-9999,29.95,30.22,29.78,30.26,29.7,29.26,29.5,,,
29,-9999,,-9999,30.16,29.69,29.61,29.97,29.99,30.24,-9999,29.54,28.78,,,
30,28.96,,-9999,-9999,29.64,29.67,-9999,30.27,30.14,28.94,30.08,29.15,,,
31,29.04,,29.99,,29.98,,29.93,30.02,,29.63,,,,,
,,,,,,,,,,,,,,,
,,,,,,,,,,,,,,,
,,,,,,,,,,,,,,,
1866,January,February,March,April,May,June,July,August,September,October,November,December,,,
,,,,,,,,,,,,,,,
1,29.23,28.93,29.62,-9999,29.84,29.93,-9999,29.77,29.65,30.22,29.66,29.82,,,
2,29.59,29.29,29.77,-9999,29.65,29.94,29.25,29.57,-9999,30.1,29.66,-9999,,,
3,29.54,29.24,29.6,29.86,29.63,-9999,29.17,29.61,29.75,30.13,29.8,29.2,,,
4,29.34,-9999,-9999,29.55,29.71,29.84,-9999,29.45,29.56,30.15,-9999,29.29,,,
5,29.69,29.79,29.66,30.05,29.87,29.81,29.38,-9999,29.16,30.35,29.58,29.55,,,
6,29.92,29.35,29.12,30.29,-9999,29.83,29.7,29.3,29.46,30.53,29.82,29.69,,,
7,-9999,29.32,29.18,30.23,30.21,29.84,29.88,28.84,29.51,-9999,29.72,29.12,,,
8,28.92,29.6,29.81,-9999,29.85,30.02,-9999,29.38,29.79,30.45,29.49,30.22,,,
9,28.81,29.39,30.26,30.19,29.66,30.17,30,29.5,-9999,-9999,29.82,-9999,,,
10,29.24,29.21,30.55,29.91,29.81,-9999,30.22,29.72,29.13,30.27,30.03,30.12,,,
11,29.39,-9999,-9999,29.56,29.33,29.88,30.29,30.06,29.12,30.16,-9999,30.25,,,
12,29.79,29.46,29.87,29.52,29.78,29.61,30.18,-9999,29.84,30.06,29.78,29.61,,,
13,29.11,29.7,29.93,29.42,-9999,29.8,29.98,29.87,29.66,29.9,29.47,29.24,,,
14,-9999,29.27,29.54,29.7,30.18,29.89,30,29.81,29.19,-9999,29.92,29.17,,,
15,29.54,29.47,29.1,-9999,30.33,29.82,-9999,29.93,29.46,30.17,29.83,29.28,,,
16,29.44,29.39,29.03,29.37,30.32,29.54,30.24,29.59,-9999,30.17,29.21,-6666,,,
17,29.77,30.04,29.09,29.7,30.19,-9999,30.13,29.8,29.67,29.84,30.23,29.81,,,
18,29.71,-9999,-9999,29.93,30.1,29.45,30.09,29.85,29.68,29.69,-9999,29.81,,,
19,29.34,29.96,29.5,29.56,30.07,29.57,30.06,-9999,29.48,29.7,30.12,30.13,,,
20,29.12,30.19,29.62,29.6,-9999,29.83,30.11,29.76,29.56,30.01,30.32,30.23,,,
21,-9999,30.37,29.74,29.99,30.39,29.7,30.14,29.94,29.2,-9999,30.18,30.09,,,
22,29.52,29.86,29.82,-9999,30.43,29.82,-9999,29.98,29.12,29.86,30.18,30.42,,,
23,30.25,29.15,29.3,30.47,30.24,30,30.17,29.91,-9999,29.96,29.73,-9999,,,
24,30.54,29.79,28.65,30.37,29.99,-9999,30.2,29.88,29.53,29.59,29.83,30.16,,,
25,30.46,-9999,-9999,30.17,30.03,30.21,30.31,29.91,29.5,29.72,-9999,-9999,,,
26,30.46,29.21,29.87,30.1,29.86,30.1,30.14,-9999,29.6,29.91,30.06,29.75,,,
27,30.22,29.88,29.9,29.86,-9999,29.99,29.74,29.59,29.78,29.88,30.07,29.76,,,
28,-9999,29.64,29.9,29.67,29.77,30.1,29.73,29.64,29.92,-9999,30.2,29.97,,,
29,29.53,,29.96,-9999,29.84,30.02,-9999,29.62,29.85,30.12,30.04,29.47,,,
30,29.94,,-9999,29.98,29.91,29.7,29.9,29.7,-9999,29.69,29.73,-9999,,,
31,29.22,,29.96,,29.89,,29.98,29.71,,29.97,,29.47,,,
,,,,,,,,,,,,,,,
,,,,,,,,,,,,,,,
,,,,,,,,,,,,,,,
1867,January,February,March,April,May,June,July,August,September,October,November,December,,,
,,,,,,,,,,,,,,,
1,29.45,29.68,30.47,30.17,29.9,29.86,29.95,30.13,29.96,30.44,29.86,29.14,,,
2,29.51,29.99,30.6,30.11,29.99,29.93,29.87,30.09,30.1,29.78,30.47,29.92,,,
3,29.83,-9999,-9999,30.26,29.99,29.91,29.85,30.12,29.99,30.07,30.44,30.34,,,
4,29.97,29.31,30.69,29.77,29.94,29.9,29.76,30,29.56,30.39,30.35,30.14,,,
5,29.95,29.09,30.46,29.95,29.83,29.45,30.03,29.68,29.49,30.25,30.41,29.87,,,
6,29.12,28.59,30.08,29.93,29.76,29.4,30.19,29.64,29.43,29.96,30.45,30.23,,,
7,28.85,29.45,29.94,-9999,29.9,29.69,30.33,29.65,29.6,29.67,30.5,30.53,,,
8,28.51,28.95,29.91,29.26,29.93,29.87,30.33,29.48,29.75,29.58,30.56,30.26,,,
9,28.89,29.74,29.78,29.53,29.8,30.05,30.26,29.56,29.73,29.76,30.65,30.24,,,
10,29.47,-9999,-9999,29.66,29.63,30.15,30.26,29.94,29.63,29.94,30.53,30.17,,,
11,29.93,29.82,29.73,29.66,29.43,30.16,30.19,30.03,29.76,30.12,30.36,30.17,,,
12,29.81,30.06,29.94,30.08,29.6,30.04,29.87,30.03,29.41,29.86,30.21,30.23,,,
13,29.89,30.21,30.01,29.7,29.74,30,29.76,29.97,29.78,29.63,29.87,30.25,,,
14,30.02,30.41,29.74,-9999,29.92,29.9,29.63,29.91,29.67,29.47,29.43,29.76,,,
15,30.17,29.98,29.95,29.39,30.03,30.15,29.61,29.79,30.11,29.72,29.69,29.66,,,
16,30.21,29.62,30.09,29.56,30.07,30.25,29.34,29.58,30.33,29.71,30.08,29.57,,,
17,29.86,-9999,-9999,29.81,29.91,30.2,29.43,29.57,30.5,29.4,30.33,29.46,,,
18,29.66,30.19,29.68,29.72,29.97,30.15,29.45,29.99,30.53,29.42,30.41,29.52,,,
19,29.92,30.13,29.63,-9999,29.86,30.1,29.69,29.98,30.3,29.47,30.48,29.83,,,
20,29.95,30.27,29.75,29.07,29.75,30.15,29.79,29.71,30.33,29.86,30.63,29.84,,,
21,29.9,30.31,29.82,29.28,29.95,30.23,29.45,29.91,29.95,29.75,30.69,29.62,,,
22,29.83,30.17,29.56,29.57,30.22,30.16,29.37,29.9,29.84,29.8,30.71,29.81,,,
23,29.3,30.41,29.51,29.49,30.32,30.07,29.45,29.94,29.76,29.91,30.62,29.9,,,
24,29.14,-9999,-9999,29.46,30.22,30.11,29.56,29.86,30.31,29.98,30.61,29.68,,,
25,29.45,30.11,29.43,29.9,30.1,30.35,29.81,29.73,30.54,30.29,30.42,30.18,,,
26,29.81,30.08,28.7,29.55,29.58,30.61,29.98,29.86,30.32,29.93,30.05,30.18,,,
27,29.74,30.1,29.08,29.42,29.32,30.68,30.1,29.9,30.21,29.25,30.3,30.32,,,
28,29.32,30.19,29.14,29.67,29.44,30.7,30.21,29.83,30.04,29.86,30.31,30.36,,,
29,29.43,,29.51,-9999,29.74,30.51,30.2,30.07,30.04,29.57,30.23,30.22,,,
30,29.43,,29.59,29.5,29.93,30.07,30.12,29.85,29.86,29.85,29.64,30.42,,,
31,29.88,,,,29.96,,30.03,29.9,,29.73,,30.38,,,
,,,,,,,,,,,,,,,
,,,,,,,,,,,,,,,
,,,,,,,,,,,,,,,
1868,,January,February,March,April,May,June,July,August,September,October,November,December,,
,"Hrs of observation",,,,,,,,,,,,,,
1,8am,30.26,28.58,29.71,30.44,29.97,29.88,-9999,30.23,30.04,30.02,29.71,29.52,,
,2pm,30.2,29.18,-9999,30.42,30.05,29.87,-9999,-9999,-9999,-9999,-9999,-9999,,
2,8am,30.31,29.68,29.92,30.39,30.11,29.93,30.33,30.13,30.22,30.17,29.97,29.67,,
,2pm,30.35,-9999,30.02,30.33,30,29.96,30.29,-9999,-9999,-9999,-9999,-9999,,
3,8am,30.4,29.68,30.07,30.22,29.88,29.97,30.26,30,29.96,29.96,29.5,29.14,10:00:00,
,2pm,30.36,29.84,30,30.11,-9999,29.85,30.23,-9999,-9999,-9999,-9999,-9999,,
4,8am,30.31,29.96,29.79,30.02,30.14,29.95,30.17,29.9,29.96,29.7,29.48,29,,
,2pm,30.26,30.08,29.63,29.99,30.15,30.03,30.18,-9999,-9999,-9999,-9999,-9999,,
5,8am,30.17,29.71,29.53,29.87,30.26,30.1,30.02,29.76,30.19,30.6,29.73,29.03,,
,2pm,-9999,29.76,29.55,-9999,30.27,30.07,-9999,-9999,-9999,-9999,-9999,-9999,,
6,8am,30.2,30.19,29.66,29.92,30.24,29.89,30.09,29.62,30.02,29.61,30.04,29.32,,
,2pm,30.14,30.21,29.72,29.92,30.15,30.06,-9999,-9999,-9999,-9999,-9999,-9999,,
7,8am,30.14,29.58,29.54,29.63,29.97,30.2,30.01,29.4,30.07,29.84,30.14,29.53,,
,2pm,30.15,29.5,29.32,29.59,29.89,-9999,-9999,-9999,-9999,-9999,-9999,-9999,,
8,8am,30.22,29.84,29.09,29.79,29.68,30.26,30.02,29.63,30.37,29.98,29.98,29.42,,
,2pm,30.21,30.21,-9999,29.87,29.69,30.24,-9999,-9999,-9999,-9999,-9999,-9999,,
9,8am,30.17,30.31,29.39,30.08,29.8,30.07,30.31,29.97,30.48,29.67,30.33,30.11,,
,2pm,30.13,-9999,29.29,30.11,29.81,30.07,-9999,-9999,-9999,-9999,-9999,-9999,,
10,8am,29.99,30.33,29.22,30.09,29.82,30.09,30.29,29.95,30.2,30.05,30.3,29.29,,
,2pm,29.92,30.31,29.27,30.08,-9999,30.04,-9999,-9999,-9999,-9999,-9999,-9999,,
11,8am,29.57,30.51,28.83,30.13,29.7,30.2,30.23,29.68,30.15,30.09,30.16,29.1,,
,2pm,29.58,30.57,28.74,30.11,29.61,30.24,-9999,-9999,-9999,-9999,-9999,-9999,,
12,8am,29.56,30,29.19,29.97,29.67,30.23,30.23,29.55,30.2,29.93,30.46,29.89,,
,2pm,-9999,30.4,29.38,-9999,29.72,30.23,-9999,-9999,-9999,-9999,-9999,-9999,,
13,8am,29.25,30.15,29.51,30.09,29.88,30.14,30.2,29.55,30.2,30.1,30.73,29.56,,
,2pm,29.46,30.09,29.52,30.11,29.77,30.15,-9999,-9999,-9999,-9999,-9999,-9999,,
14,8am,29.08,29.78,29.84,30.19,30.17,30.07,30.11,29.55,30.1,30.19,30.55,28.92,,
,2pm,29.07,29.7,29.92,30.21,30.24,-9999,-9999,-9999,-9999,-9999,-9999,-9999,,
15,8am,29.48,30.04,29.9,30.3,30.13,30.09,29.88,29.82,30.14,29.49,30.56,29.02,,
,2pm,29.68,30.16,-9999,30.28,30.09,30.19,-9999,-9999,-9999,-9999,-9999,-9999,,
16,8am,29.66,30.19,29.58,30.31,30.08,30.15,29.94,29.96,30.05,29.4,30.44,29.06,,
,2pm,29.52,-9999,29.59,30.25,30.05,30.06,-9999,-9999,-9999,-9999,-9999,-9999,,
17,8am,29.41,30.03,29.79,30.09,30.16,30.11,30.04,29.95,29.82,29.43,30.4,-9999,,
,2pm,29.37,30.11,29.99,30.04,-9999,30.21,-9999,-9999,-9999,-9999,-9999,-9999,,
18,8am,28.75,29.9,30.27,29.84,30.04,30.27,29.88,29.94,29.76,29.68,30.48,29.27,,
,2pm,28.37,29.71,30.06,29.72,30.02,30.21,-9999,-9999,-9999,-9999,-9999,-9999,,
19,8am,28.9,29.94,29.84,29.18,29.87,30.18,29.98,30.07,29.69,29.81,30.48,29.65,,
,2pm,-9999,30.04,29.83,-9999,29.88,30.14,-9999,-9999,-9999,-9999,-9999,-9999,,
20,8am,29.22,29.63,29.75,28.86,29.76,29.94,29.84,30,29.51,29.87,30.14,29.54,,
,2pm,29.35,29.36,29.8,28.99,29.66,29.89,-9999,-9999,-9999,-9999,-9999,-9999,,
21,8am,29.59,29.74,29.89,28.84,29.61,29.78,29.96,29.86,29.75,29.63,29.49,28.85,,
,2pm,29.53,29.71,29.85,29.09,29.65,-9999,-9999,-9999,-9999,-9999,-9999,-9999,,
22,8am,29.34,29.45,29.81,29.47,29.79,29.55,29.94,29.36,29.89,30,28.85,28.88,,
,2pm,29.39,29.49,-9999,29.42,29.66,29.57,-9999,-9999,-9999,-9999,-9999,-9999,,
23,8am,29.84,30.26,29.69,29.47,29.14,29.57,30.34,29.55,29.79,29.71,29.3,28.96,,
,2pm,29.98,-9999,29.8,29.57,29.21,29.86,-9999,-9999,-9999,-9999,-9999,-9999,,
24,8am,29.57,30.03,30.04,29.66,29.28,30.16,30.54,29.65,29.67,29.09,29.81,28.74,,
,2pm,29.23,30.03,30.05,29.68,-9999,30.16,-9999,-9999,-9999,-9999,-9999,-9999,,
25,8am,29.35,30.2,29.99,29.94,29.25,29.99,30.41,29.93,29.61,29.68,29.41,28.99,,
,2pm,29.55,30.25,29.87,29.83,29.31,30.11,-9999,-9999,-9999,-9999,-9999,-9999,,
26,8am,30.25,30.1,29.93,30.11,29.56,30.33,30.02,29.79,29.52,29.73,29.82,29.26,,
,2pm,-9999,30.02,29.99,-9999,29.56,30.32,-9999,-9999,-9999,-9999,-9999,-9999,,
27,8am,30.02,29.75,30.3,29.87,29.82,30.2,29.94,29.72,29.3,30.09,30.08,28.4,,
,2pm,30.02,29.66,30.36,29.86,29.92,30.25,-9999,-9999,-9999,-9999,-9999,-9999,,
28,8am,29.94,29.66,30.55,29.83,30.07,30.4,29.51,30,29.24,30.18,29.93,29.02,,
,2pm,29.99,29.54,30.58,29.72,30.01,-9999,-9999,-9999,-9999,-9999,-9999,-9999,,
29,8am,30.21,29.26,30.55,29.77,29.86,30.43,29.58,30.2,28.9,29.61,29.72,29.1,10am,
,2pm,30.21,29.28,-9999,29.86,29.8,30.42,-9999,-9999,-9999,-9999,-9999,-9999,,
30,8am,29.83,,30.49,29.93,29.88,30.44,29.89,30.02,29.16,30.02,29.4,29.33,,
,2pm,29.75,,30.49,29.98,29.98,30.43,-9999,-9999,-9999,-9999,-9999,-9999,,
31,8am,29.46,,30.04,,30.05,,30.13,30.04,,29.96,,29.83,,
,2pm,29.26,,30.44,,-9999,,-9999,-9999,,-9999,,-9999,,
,,,,,,,,,,,,,,,
,,,,,,,,,,,,,,,
,,,,,,,,,,,,,,,
1869,,January,February,March,April,May,June,July,August,September,October,November,December,,
,,,,,,,,,,,,,,,
1,8am,29.75,28.66,29.72,30.03,30.18,33.22,30.33,29.61,30.54,29.59,30.26,30.28,,
,2pm,29.54,28.79,29.57,29.92,30.14,30.16,30.3,-9999,30.56,29.66,30.26,30.26,,
2,8am,29.72,29.63,29.14,29.43,30.02,30.07,30.24,29.77,30.51,29.71,30.09,29.94,,
,2pm,29.53,29.69,29.65,29.31,-9999,30.02,30.23,29.82,30.46,29.73,29.87,29.86,,
3,8am,29.26,29.46,30.08,29.45,29.96,29.99,30.19,29.75,30.09,29.93,29.96,30.11,,
,2pm,-9999,29.58,30.03,29.48,29.9,29.92,30.16,29.73,29.96,-9999,29.82,30.19,,
4,8am,29.52,29.73,30.18,29.78,29.97,29.75,29.98,29.89,29.85,30.13,29.53,30.28,,
,2pm,29.62,29.75,30.18,-9999,30.02,29.84,-9999,29.96,29.81,30.11,29.59,30.26,,
5,8am,28.97,29.8,29.95,29.89,29.96,29.83,29.67,30.22,29.64,30.07,29.62,30.55,,
,2pm,29.44,29.89,30.05,29.9,29.84,29.9,29.63,30.3,-9999,30.06,29.36,-9999,,
6,8am,30.01,29.86,30.34,29.76,29.4,30.15,29.72,30.42,29.66,30.11,29.62,30.63,,
,2pm,30.08,29.89,30.32,29.77,29.3,-9999,29.83,30.4,29.59,30.1,29.71,30.57,,
7,8am,30.22,29.43,30.03,29.91,29.21,30.13,29.81,30.1,29.68,30.08,29.84,30.37,,
,2pm,30.15,-9999,-9999,29.97,30.29,30.12,29.74,29.96,29.59,30.04,-9999,30.29,,
8,8am,30.18,29.19,30.02,30.07,29.58,30.34,29.64,29.84,29.5,30.02,29.74,30.05,,
,2pm,30.2,28.97,29.92,30.12,29.63,30.37,29.63,-9999,29.5,30.05,29.82,29.97,,
9,8am,30.35,29.38,29.69,30.06,29.74,30.31,29.89,29.61,29.52,30.15,29.82,29.98,,
,2pm,30.34,29.55,29.61,30,-9999,30.28,30.02,29.66,29.48,30.08,29.91,29.98,,
10,8am,30.11,29.6,29.62,29.95,29.53,30.31,30.3,29.86,29.21,30.04,29.97,29.62,,
,2pm,-9999,29.67,29.62,29.97,29.58,30.3,30.34,29.92,29.19,-9999,30.08,29.38,,
11,8am,30.07,29.91,29.75,29.97,29.79,30.12,30.19,30.05,29.28,29.98,30.31,29.26,,
,2pm,30.04,29.97,29.79,-9999,29.87,30.18,-9999,30.08,29.26,30.01,30.31,29.33,,
12,8am,29.94,29.88,29.75,30.04,30.07,29.8,30.12,30.04,29.27,29.95,30.19,29.23,,
,2pm,29.93,29.75,29.71,30.07,30.14,29.7,30.15,29.94,-9999,29.96,30.07,-9999,,
13,8am,29.92,30.19,29.79,30.08,30.33,29.57,30.24,29.87,29.02,30.03,29.77,28.64,,
,2pm,29.84,30.09,29.82,30.03,30.35,-9999,30.28,29.91,29.39,30.1,29.64,28.39,,
14,8am,29.54,29.96,30.03,29.94,30.29,29.58,30.22,30.17,29.41,30.14,29.7,29.12,,
,2pm,29.39,-9999,-9999,29.9,30.21,29.53,30.24,30.22,29.34,29.99,-9999,29.26,,
15,8am,29.5,30.13,29.86,29.62,30,29.66,30.26,30.25,29.18,29.64,29.71,29.12,,
,2pm,29.72,30.04,29.78,29.37,29.93,29.83,30.25,-9999,29.09,29.5,-9999,29.33,,
16,8am,29.72,29.55,29.64,29.18,29.83,30.19,30.26,30.41,29.52,29.13,29.67,29.39,,
,2pm,29.79,29.47,29.45,29.29,-9999,30.26,30.23,30.43,29.68,29.34,29.77,29.2,,
17,8am,29.94,29.34,29.35,29.66,29.64,30.23,30.11,30.48,29.47,29.87,30.05,29.49,,
,2pm,-9999,29.31,29.52,29.81,29.6,30.23,30.05,30.48,29.44,-9999,30,29.65,,
18,8am,30.13,29.51,29.62,30.17,29.51,30.14,30.06,30.4,29,29.35,30.11,29.04,,
,2pm,30.1,29.6,29.74,-9999,29.48,30.13,-9999,30.39,28.91,29.41,30.06,28.93,,
19,8am,30.23,29.98,29.63,29.89,29.6,30.05,30.19,30.36,28.9,29.98,30.18,28.91,,
,2pm,30.22,29.96,29.67,29.8,29.63,30.06,30.18,30.34,-9999,30.11,30.5,-9999,,
20,8am,30.04,29.78,29.84,29.58,29.71,30.14,30.14,30.33,29.45,30.11,30.47,29.35,,
,2pm,30.05,29.73,29.95,29.55,29.7,-9999,30.08,30.34,29.45,30.11,30.46,29.37,,
21,8am,30.29,30.07,30.19,29.88,29.79,30.09,29.93,30.38,29.63,30.35,30.02,29.5,,
,2pm,30.29,-9999,-9999,29.9,29.83,30.1,29.87,30.38,29.71,30.4,-9999,29.58,,
22,8am,30.37,30.09,30.37,29.01,30,30.29,29.82,30.36,29.95,30.5,29.22,29.93,,
,2pm,30.33,30.05,30.36,29.71,30.06,30.32,29.79,-9999,29.84,30.48,29.24,30.03,,
23,8am,30.02,30.15,30.46,30.03,30.09,30.34,29.89,30.14,29.93,30.25,29.44,30.27,,
,2pm,29.95,30.17,30.46,30.06,-9999,30.3,29.89,30.1,29.95,30.17,29.51,30.28,,
24,8am,30.04,29.75,30.39,29.97,29.95,30.27,29.89,30.13,29.96,30.32,29.83,30.36,,
,2pm,-9999,29.74,30.36,29.95,29.91,30.23,29.87,30.14,29.87,-9999,29.86,30.31,,
25,8am,29.79,29.62,30.27,30.25,29.87,30.19,29.8,30.22,29.48,30.28,29.7,30.09,,
,2pm,29.83,29.52,30.2,-9999,29.85,30.18,-9999,30.19,29.39,30.11,29.61,30.05,,
26,8am,29.63,30.01,30.1,30.27,29.8,30.21,29.64,30.29,29.67,30.19,29.64,29.95,,
,2pm,29.59,30.01,29.98,30.24,29.8,30.23,29.7,30.31,-9999,30.2,29.61,-9999,,
27,8am,29.46,29.97,29.93,30.36,29.99,30.36,29.83,30.37,29.88,30.08,29.61,30.02,,
,2pm,29.24,29.98,29.97,30.37,30.06,-9999,29.88,30.3,29.82,30.09,29.54,30.04,,
28,8am,29.12,29.74,29.98,30.5,30.25,30.39,29.92,30.17,29.48,30.08,29.57,29.97,,
,2pm,29.12,-9999,-9999,30.48,30.27,30.38,29.92,30.14,29.28,30.15,-9999,29.92,,
29,8am,28.54,,30.17,30.49,30.32,30.35,29.7,30.31,29.42,30.36,29.9,29.75,,
,2pm,28.52,,30.17,30.42,30.31,30.33,29.51,-9999,29.48,30.35,29.73,29.58,,
30,8am,28.99,,30.21,30.28,30.19,30.33,29.72,30.43,29.68,30.22,29.97,29.21,,
,2pm,29.14,,30.2,30.24,-9999,30.33,29.76,30.44,29.67,30.25,30.11,28.99,,
31,8am,28.56,,30.12,,30.23,,29.83,30.47,,30.29,,29.24,,
,2pm,-9999,,30.08,,30.26,,29.81,30.49,,-9999,,29.24,,
,,,,,,,,,,,,,,,
,,,,,,,,,,,,,,,
,,,,,,,,,,,,,,,
,"Pembroke added from 1870",,,,,,,,,,,,,,
,,,,,,,,,,,,,,,
1870,,January,February,March,April,May,June,July,August,September,October,November,December,,
,,,,,,,,,,,,,,,
1,8am,29.1,29.61,29.16,30.11,29.61,29.7,30.11,29.95,29.62,30.54,30.41,30.54,,
,2pm,29.15,29.39,29.24,30.06,-9999,29.79,30.12,29.96,29.51,30.54,30.44,30.58,,
2,8am,29.48,29.25,29.64,30.3,30.03,30,30.07,29.98,29.26,30.51,30.37,30.61,,
,2pm,-9999,29.33,29.67,30.35,30.09,30.03,30.04,29.92,29.24,-9999,30.36,30.62,,
3,8am,29.46,29.55,29.88,30.46,30.13,30,29.86,29.83,29.52,30.49,30.48,30.57,,
,2pm,29.48,-9999,29.89,-9999,30.16,30.04,-9999,29.76,29.66,30.49,30.52,30.55,,
4,8am,29.26,29.38,30.17,30.45,30.27,30.3,29.6,29.68,29.67,30.54,30.54,30.47,10am,
,2pm,29.3,29.3,30.21,30.41,30.31,30.37,29.69,29.64,-9999,30.51,30.53,-9999,,
5,8am,29.55,29.54,30.37,30.26,30.35,30.57,29.71,29.6,29.18,30.43,30.53,30.47,,
,2pm,29.56,29.67,30.43,30.21,30.39,-9999,29.69,29.59,29.25,30.36,30.51,30.38,,
6,8am,29.48,29.28,30.6,30.04,30.42,30.61,29.8,29.8,29.31,30.15,30.29,30.09,,
,2pm,29.31,-9999,-9999,30,30.42,30.62,29.88,29.8,29.27,30.06,-9999,30.14,,
7,8am,29.21,29.55,30.55,29.94,30.36,30.6,30.03,29.73,29.25,29.75,30,30.06,,
,2pm,29.23,29.5,-9999,29.81,30.35,30.57,30.01,-9999,29.3,29.67,30.02,30.01,,
8,8am,28.62,29.45,30.51,29.48,30.31,30.33,29.89,30,29.64,29.17,30.11,29.77,,
,2pm,28.88,29.51,30.49,29.41,-9999,30.2,29.93,30.05,29.54,29.17,30.11,29.76,,
9,8am,29.54,29.93,30.38,29.36,30.15,29.95,29.91,30.2,28.83,29.23,30.02,29.87,,
,2pm,-9999,30.04,30.37,29.43,30.11,29.9,29.89,30.19,29.81,-9999,30,29.9,,
10,8am,29.84,30.28,30.28,29.76,29.92,29.66,29.81,30.23,29.5,29.56,29.87,30.06,,
,2pm,29.92,30.32,30.21,-9999,29.84,29.65,-9999,30.22,29.78,29.65,29.87,30.06,,
11,8am,29.69,30.48,29.97,29.99,29.39,29.62,29.75,30.28,30.08,29.83,29.92,29.84,,
,2pm,29.64,30.5,29.96,29.99,29.11,29.77,29.76,30.32,-9999,29.83,29.86,-9999,,
12,8am,29.58,30.61,29.86,29.85,28.84,29.94,29.76,30.37,29.86,29.07,29.48,29.18,,
,2pm,29.61,30.62,29.81,29.86,28.69,-9999,29.76,30.36,29.94,28.67,29.42,29.09,,
13,8am,29.76,30.56,29.84,30.07,29.21,30,29.74,30.38,29.75,29.42,29.43,29.35,,
,2pm,29.63,-9999,-9999,30.09,29.23,29.99,29.82,30.36,-9999,29.65,-9999,29.41,,
14,8am,29.06,30.48,29.96,30.27,29.42,29.96,29.87,30.38,29.93,29.97,29.08,28.83,,
,2pm,28.93,30.47,29.9,30.35,29.52,30,29.87,-9999,30.05,30.01,29.09,28.67,,
15,8am,29.58,30.49,29.49,30.41,29.66,30.04,29.78,30.31,30.24,29.84,29.17,29.29,,
,2pm,29.68,30.47,29.46,-9999,-9999,30.02,29.78,30.25,30.25,29.67,29.2,29.44,,
16,8am,30.05,30.36,29.29,30.49,29.71,29.91,29.76,30.23,30.37,28.88,29.33,29.81,,
,2pm,-9999,30.31,29.41,-9999,29.75,29.92,29.81,30.2,30.4,-9999,29.32,29.92,,
17,8am,30.38,30.3,29.69,30.32,29.73,29.95,29.97,30.18,30.39,29.27,29.5,29.97,,
,2pm,30.4,30.29,29.82,-9999,29.79,29.9,-9999,30.15,30.41,29.44,29.59,30.01,,
18,8am,30.54,30.15,30.18,30.11,29.94,29.83,29.96,30.06,30.36,29.64,29.64,29.91,,
,2pm,30.53,30.11,30.23,30.12,29.99,29.96,29.98,30,-9999,29.38,29.52,-9999,,
19,8am,30.59,30.16,30.36,29.94,29.89,29.97,30.17,30.08,30.22,28.98,29.07,29.76,,
,2pm,30.63,30.16,30.38,29.85,29.75,-9999,30.25,30.11,30.18,28.92,29.11,29.61,,
20,8am,30.6,30.16,30.36,29.8,29.82,30.13,30.19,30.18,30.24,29.08,29.13,29.63,,
,2pm,30.57,-9999,-9999,29.71,29.85,30.18,30.14,30.21,30.25,29.43,-9999,29.67,,
21,8am,30.51,29.9,30.23,29.99,30.04,30.26,30,30.26,30.29,29.83,29.05,29.88,,
,2pm,30.48,29.78,30.18,29.86,29.91,30.24,30.16,-9999,30.28,29.81,29.04,29.99,,
22,8am,30.49,29.91,30,29.68,30.11,30.3,30.18,29.87,30.24,29.63,29.09,30.1,,
,2pm,30.5,29.81,30.19,29.82,-9999,30.34,30.14,29.81,30.21,29.51,28.98,30.13,,
23,8am,30.59,29.44,30.25,30.15,30.17,30.32,30.03,29.88,30.24,28.49,28.91,30.05,,
,2pm,-9999,29.46,30.23,30.19,30.22,30.29,29.98,29.87,30.23,-9999,29.07,29.97,,
24,8am,30.58,29.22,30.05,30.16,30.21,30.03,29.99,29.89,30.2,28.66,28.9,29.7,,
,2pm,30.55,29.43,29.96,-9999,30.32,30.05,-9999,29.93,30.22,28.85,28.94,29.68,,
25,8am,30.51,29.44,29.92,30.23,30.5,30.16,29.9,30.03,30.33,29.23,29.06,-9999,,
,2pm,30.5,29.4,29.95,30.2,30.51,30.16,29.94,30.01,-9999,29.3,29.4,-9999,,
26,8am,30.36,29.3,30.1,30.05,30.43,29.96,30.17,30.02,30.15,29.27,29.79,30.11,,
,2pm,30.3,29.4,30.1,30.08,30.38,-9999,30.23,30.04,-9999,29.24,29.88,30.09,,
27,8am,30.16,29.4,30.28,30.29,30.27,30.05,30.27,29.9,30.24,29.35,30.1,29.93,,
,2pm,30.08,-9999,-9999,30.33,30.19,30.11,30.27,29.82,30.29,29.42,-9999,29.93,,
28,8am,29.85,28.96,30.42,30.3,30.09,30.2,30.32,29.68,30.33,29.74,30.17,30.08,10am,
,2pm,29.83,29.11,30.43,30.26,30.06,30.2,30.3,-9999,30.33,29.89,30.19,30.1,,
29,8am,29.86,,30.44,30,29.93,30.2,30.29,29.97,30.38,29.66,30.24,30.23,10am,
,2pm,29.85,,30.42,29.94,-9999,30.2,30.26,30.01,30.4,29.63,30.37,30.23,,
30,8am,29.5,,30.3,29.67,29.64,30.12,30.15,30.24,30.48,29.72,30.41,30.28,10am,
,2pm,-9999,,30.26,29.52,29.48,30.1,30.09,30.3,30.46,-9999,30.46,30.27,,
31,8am,29.22,,30.24,,29.35,,29.96,30.21,,29.61,,30.14,10am,
,2pm,29.26,,30.23,,29.45,,-9999,30.1,,29.85,,30.07,,
,,,,,,,,,,,,,,,
,,,,,,,,,,,,,,,
,,,,,,,,,,,,,,,
,,"Scilly added from 1871",,,,,,,,,,,,,
,,,,,,,,,,,,,,,
1871,,January,February,March,April,May,June,July,August,September,October,November,December,,
,,,,,,,,,,,,,,,
1,8am,29.54,30.13,30.16,30.14,30.13,30.25,29.68,29.93,29.93,29.05,30.05,30.37,10am,
,2pm,-9999,30.13,30.25,30.09,30.11,30.26,29.69,29.9,30.02,-9999,30.08,30.41,,
2,8am,29.76,30.07,30.18,29.9,30.05,30.36,29.69,29.92,30.06,29.27,30.18,30.36,9am,
,2pm,29.83,29.99,30.13,-9999,30,30.41,-9999,29.86,29.98,29.27,30.19,30.24,,
3,8am,29.9,29.6,30.08,29.91,29.67,30.41,29.57,29.51,29.69,29.41,30.2,30.21,10am,9am
,2pm,29.94,29.55,30.05,30.01,29.71,30.36,29.58,29.48,-9999,29.56,30.18,-9999,,
4,8am,29.78,29.59,29.81,30.12,29.9,30.18,29.58,29.68,29.64,29.7,30.23,30.34,9am,
,2pm,-9999,29.55,29.7,30.04,30.01,-9999,29.64,29.78,29.69,29.67,30.22,30.4,,
5,8am,29.67,29.22,29.82,30.04,29.98,30.35,29.76,29.96,29.96,29.6,30.22,30.34,10am,
,2pm,29.74,-9999,-9999,30.03,30,30.39,29.86,30,29.97,29.6,-9999,30.27,,
6,8am,29.69,29.8,29.19,30.11,30.24,30.33,29.8,30.19,29.93,29.53,29.93,30.27,,
,2pm,29.59,29.94,29.15,30.12,30.29,30.32,29.83,-9999,29.96,29.57,29.82,30.26,,
7,8am,29.39,29.92,29.64,30.2,30.4,30.27,29.77,30.14,29.91,29.61,29.59,30.29,9am,
,2pm,29.38,29.86,29.54,-9999,-9999,30.23,29.71,30.08,29.86,29.66,29.51,30.33,,
8,8am,29.56,29.73,29.59,30.16,30.38,30.21,29.63,30.11,29.79,29.93,29.38,30.43,9am,
,2pm,-9999,29.7,29.72,30.11,30.25,30.14,29.64,30.1,29.83,-9999,29.55,30.39,,
9,8am,29.57,29.95,29.72,30.03,30.37,30.08,29.75,30.16,29.81,30.24,29.72,30.33,9am,
,2pm,29.64,29.98,29.52,-9999,30.37,30.09,-9999,30.16,29.69,30.3,29.71,30.31,,
10,8am,29.53,29.32,29.99,30.05,30.35,30.06,29.88,30.1,29.9,30.36,29.61,30.26,,
,2pm,29.44,29.68,30.04,30.04,30.34,30.01,29.88,30.1,-9999,30.31,29.74,-9999,,
11,8am,30.02,29.97,29.63,29.89,30.25,29.97,29.91,30.1,30.12,30.15,29.82,30.34,,
,2pm,30.09,29.85,29.52,29.77,30.19,-9999,29.93,30.12,30.19,30.11,29.89,30.36,,
12,8am,30.24,29.29,29.12,29.69,30.15,30.02,29.84,30.11,30.35,30.23,29.95,30.2,9am,
,2pm,30.2,-9999,-9999,29.71,30.16,30,29.72,30.12,30.38,30.25,-9999,30.32,,
13,8am,29.97,29.86,29.32,29.94,30.12,29.85,29.65,30.18,30.45,30.23,30.17,30.33,,
,2pm,-9999,29.85,29.5,29.88,30.09,29.76,29.58,-9999,30.45,30.17,30.11,30.27,,
14,8am,29.45,29.89,29.85,29.65,29.95,29.74,29.72,30.17,30.47,29.92,29.76,30.27,,
,2pm,-9999,29.82,29.9,29.65,-9999,29.74,29.72,30.16,30.43,29.56,29.67,30.28,,
15,8am,28.9,29.96,29.9,29.35,29.95,29.9,29.82,30.12,30.38,29.89,29.75,30.13,,
,2pm,-9999,29.97,29.74,29.33,29.97,29.89,29.68,30.12,30.35,-9999,29.89,30.04,,
16,8am,28.16,29.98,29.89,29.33,30.01,29.73,30.08,30.08,30.35,29.82,30.18,30.31,9am,
,2pm,28.36,29.99,30.11,-9999,30.06,29.75,-9999,30.06,30.34,29.77,30.17,30.33,,
17,8am,28.55,29.89,30.18,29.45,30.12,29.69,29.98,29.89,30.39,29.69,30.26,29.89,,
,2pm,28.6,29.94,-9999,29.53,29.98,29.62,30.02,29.79,-9999,29.73,30.19,-9999,,
18,8am,29.01,29.94,30.31,29.59,29.95,29.49,30.09,29.53,30.29,29.59,30.21,29.42,9am,
,2pm,29.06,29.94,30.27,29.49,30,-9999,30.05,29.56,30.26,29.46,30.22,29.26,,
19,8am,29.21,29.71,30.16,29.01,30.16,29.52,29.75,29.8,30.05,29.43,30.09,29.71,9am,
,2pm,-9999,-9999,-9999,29.01,30.25,29.57,29.75,29.9,30.1,29.47,-9999,29.7,,
20,8am,29.63,29.62,29.91,29.26,30.27,29.73,29.99,29.82,29.93,29.73,29.82,29.46,,
,2pm,-9999,29.8,29.84,29.35,30.31,29.76,30.03,-9999,29.86,29.81,29.81,29.5,,
21,8am,29.62,30.27,29.71,29.57,30.34,29.93,29.73,30.01,29.73,29.52,29.64,29.71,9am,
,2pm,-9999,30.35,29.74,29.63,-9999,29.96,29.67,30.14,29.74,29.54,29.69,29.54,,
22,8am,29.66,30.31,29.93,29.49,30.21,29.93,29.5,30.07,29.76,30.11,29.84,29.79,,
,2pm,-9999,30.26,30,29.43,30.15,29.95,29.45,29.95,29.79,-9999,29.91,29.93,,
23,8am,29.66,30.23,30.04,29.72,29.97,30.11,29.6,29.71,29.81,29.98,30,29.99,,
,2pm,-9999,30.31,29.95,-9999,29.91,30.17,-9999,29.71,29.8,30.03,29.95,29.87,,
24,8am,30.28,30.18,29.81,29.99,29.88,30.26,29.63,29.49,29.73,30.22,29.95,29.73,,
,2pm,30.35,30.18,29.79,30.05,29.82,30.32,29.46,29.05,-9999,30.22,29.9,-9999,,
25,8am,30.32,30.18,29.85,30.04,29.73,30.34,29.34,29.65,29.83,30.23,30.07,29.64,9am,
,2pm,30.21,30.22,29.89,29.97,29.71,-9999,29.34,29.71,29.83,30.15,30.09,-9999,,
26,8am,30.11,29.94,29.98,29.75,29.92,30.35,29.32,29.86,29.76,30.02,30.18,29.43,9am,
,2pm,30.12,-9999,-9999,29.76,29.96,30.28,29.4,30.12,29.73,29.94,-9999,29.28,,
27,8am,30.16,29.5,30.32,29.68,30.09,30,29.66,30.39,29.47,29.66,30.23,29.18,,
,2pm,30.17,29.6,30.37,29.68,30.07,29.92,29.73,-9999,29.38,29.59,30.21,29.23,,
28,8am,30.2,29.9,30.56,29.65,30.41,29.51,29.65,30.46,29.45,29.63,30.21,29.02,9am,
,2pm,30.18,30.08,30.6,29.67,-9999,29.65,29.68,30.37,29.65,29.61,30.2,29.08,,
29,8am,30.19,,30.64,29.63,30.42,29.71,29.75,30.12,29.91,29.19,30.11,29.43,9am,
,2pm,-9999,,30.58,29.71,30.39,29.63,29.7,30.06,29.93,-9999,30.13,29.49,,
30,8am,30.24,,30.45,29.87,30.35,29.53,29.65,29.95,29.93,29.54,30.2,29.35,,
,2pm,-9999,,30.41,-9999,30.33,29.55,-9999,29.98,29.8,29.59,30.25,29.43,,
31,8am,30.11,,30.22,,30.25,,29.98,29.92,,29.93,,29.8,,
,2pm,30.07,,30.16,,30.25,,30,29.85,,29.93,,-9999,,
,,,,,,,,,,,,,,,
,,,,,,,,,,,,,,,
,,,,,,,,,,,,,,,
1872,,January,February,March,April,May,June,July,August,September,October,November,December,,
,,,,,,,,,,,,,,,
1,8am,29.26,28.95,29.57,29.41,30.16,30.06,29.67,29.86,29.89,29.43,29.36,28.79,,
,2pm,29.32,29.25,29.67,29.41,30.22,29.96,-9999,29.97,29.84,29.62,29.44,28.71,,
2,8am,29.37,29.44,29.76,29.66,30.14,29.68,29.9,29.81,29.76,29.07,28.91,29.61,,
,2pm,29.41,29.37,29.68,29.41,30.14,29.95,29.69,29.81,-9999,29.33,29.08,-9999,,
3,8am,29.63,29.61,29.93,29.81,29.75,29.77,30.09,29.87,29.6,29.36,29.78,29.75,,
,2pm,29.51,29.47,-9999,29.7,30.21,-9999,29.99,29.84,29.72,29.08,28.98,29.69,,
4,8am,28.96,29.49,29.94,30.13,29.01,30.05,30.1,29.87,29.48,29.92,29.65,29.99,,
,2pm,29.01,-9999,29.85,29.88,29.56,29.72,30.11,29.97,29.55,29.5,-9999,29.76,,
5,8am,28.64,29.37,29.75,30.3,29.46,29.96,29.99,29.63,29.58,30.31,29.51,29.63,,
,2pm,28.8,29.34,29.78,30.17,29.21,30.08,30.12,-9999,29.49,30.07,29.49,30,,
6,8am,29.11,29.41,29.71,30.31,29.41,29.81,29.97,29.56,29.58,30.16,29.3,29.06,,
,2pm,29.08,29.53,29.61,30.3,-9999,29.93,29.89,29.53,29.62,30.29,29.62,29.26,,
7,8am,29.67,29.8,29.38,30.21,29.18,29.63,29.99,29.55,29.8,29.93,29.88,29.23,,
,2pm,29.25,29.83,29.23,30.27,29.39,29.8,30.01,29.58,29.62,-9999,29.14,29.11,,
8,8am,29.25,29.84,29.17,30.01,29.31,29.44,29.79,29.85,29.88,29.85,30.08,29.23,,
,2pm,29.25,29.84,29.18,-9999,29.19,29.57,-9999,29.59,29.83,29.98,30,29.2,,
9,8am,29.6,29.57,29.86,30.28,29.81,29.28,29.81,29.96,29.59,29.59,29.98,28.95,,
,2pm,29.77,29.59,29.99,30.1,29.44,29.36,29.77,29.94,-9999,29.78,30.12,-9999,,
10,8am,29.82,29.56,30.15,29.99,30.31,29.38,29.78,29.41,29.75,29.46,30.06,29.03,,
,2pm,29.72,29.57,-9999,30.22,29.92,-9999,29.86,29.85,29.61,29.58,29.81,28.99,,
11,8am,29.54,29.72,29.97,29.88,30.33,29.49,29.76,29.59,29.62,29.53,30.25,29.58,,
,2pm,29.67,-9999,29.89,29.93,30.36,29.42,29.7,29.49,29.71,29.31,-9999,29.08,,
12,8am,29.86,29.51,29.83,29.68,30.07,29.73,29.93,29.97,29.93,29.73,30.37,30.02,,
,2pm,29.73,29.49,29.82,29.83,30.24,29.54,29.77,-9999,29.69,29.58,30.23,29.7,,
13,8am,29.43,29.55,29.69,30.15,30.21,29.82,29.97,30.18,30.1,29.83,30.38,29.59,,
,2pm,29.25,29.58,29.52,29.7,-9999,29.75,29.93,30.02,30,29.78,30.38,29.97,,
14,8am,29.81,29.64,29.21,30.22,30.02,29.92,30.06,30.26,30.19,30.05,30.24,29.58,,
,2pm,-9999,29.63,29.24,30.21,30.18,29.87,29.98,30.24,30.1,-9999,30.37,29.6,,
15,8am,29.69,29.71,29.55,30.04,29.87,29.91,30.02,30.14,30.08,29.76,30.34,29.85,,
,2pm,29.69,29.73,29.54,-9999,30.01,29.91,-9999,30.24,30.17,30,30.21,29.68,,
16,8am,29.75,29.58,29.72,30.12,29.88,30.19,29.93,29.8,29.87,29.45,29.9,29.68,,
,2pm,29.66,29.54,29.78,30.07,29.84,29.98,30.02,30.08,-9999,29.68,30.23,-9999,,
17,8am,29.06,29.5,29.66,30,29.81,30.1,29.94,29.89,29.75,29.82,29.82,29.45,,
,2pm,28.71,29.42,-9999,30.11,29.84,-9999,29.94,29.78,29.75,29.48,29.78,29.6,,
18,8am,28.48,29.41,29.77,30.13,29.84,29.88,29.97,30.18,29.29,29.91,29.36,29.73,,
,2pm,28.67,-9999,29.85,29.99,29.83,30.05,29.95,29.99,29.66,29.87,-9999,29.55,,
19,8am,29.07,29.47,30.08,30.09,29.76,29.77,29.99,30.16,29.65,29.43,29.31,29.54,,
,2pm,29.19,29.53,30.15,30.16,29.84,29.83,29.98,-9999,29.3,29.84,29.33,29.65,,
20,8am,29.53,29.56,30.03,29.53,29.73,29.99,29.82,30.11,29.9,29.71,29.01,29.55,,
,2pm,29.51,29.56,29.98,30.01,-9999,29.79,29.97,30.16,29.71,29.47,29.14,29.59,,
21,8am,29.63,29.84,29.92,29.7,29.78,29.86,29.78,30.03,29.85,29.68,29.3,29.46,,
,2pm,-9999,29.9,29.99,29.6,29.75,30.03,29.78,30.05,29.91,-9999,29.09,29.46,,
22,8am,29.51,29.71,30.08,29.4,29.84,29.77,29.8,30.15,29.96,29.53,29.28,29.57,,
,2pm,29.38,29.49,30.05,-9999,29.81,29.63,-9999,30.03,29.87,29.63,29.34,29.55,,
23,8am,28.79,29.7,30.12,29.25,29.87,29.91,29.77,30.2,29.63,29.67,28.62,29.2,,
,2pm,28.61,29.77,30.08,29.35,29.86,29.86,29.79,30.13,-9999,29.55,29.17,-9999,,
24,8am,28.51,29.25,29.88,29.25,30.01,29.7,29.83,30.29,29.57,28.95,28.94,29.02,,
,2pm,28.52,29.2,30.08,29.23,29.89,-9999,29.78,30.21,29.04,29.53,28.45,29.18,,
25,8am,28.75,29.24,29.76,29.43,30.12,29.48,29.99,30.02,29.75,29.02,29.14,28.65,,
,2pm,28.9,-9999,-9999,29.29,30.06,29.63,29.87,30.29,29.67,28.95,-9999,29.87,,
26,8am,29.44,29.77,29.5,29.51,30.32,29.67,29.86,29.83,29.94,29.23,28.63,29.28,,
,2pm,29.58,29.93,29.68,29.43,30.21,29.52,29.97,-9999,29.81,29.08,28.85,-9999,,
27,8am,29.95,30.2,29.45,29.78,30.3,29.84,29.88,30.26,29.46,29.51,29.41,29.18,,
,2pm,29.95,30.19,29.48,29.58,-9999,29.71,29.81,29.95,29.96,29.26,28.87,29.35,,
28,8am,29.83,29.86,29.23,29.89,30.23,29.6,29.89,30.12,29.16,29.72,29.66,29.41,9am,
,2pm,-9999,29.7,29.34,29.82,30.31,29.76,29.89,30.29,29.24,-9999,29.57,29.21,,
29,8am,29.49,29.37,29.13,30.19,29.8,29.91,29.81,29.85,29.61,29.67,29.33,29.87,,
,2pm,29.39,29.36,29.14,-9999,30.17,29.67,-9999,30.08,29.18,29.77,29.62,29.54,,
30,8am,29.28,,29.18,30.2,29.92,29.77,29.9,29.63,29.71,29.35,28.79,29.74,,
,2pm,29.34,,-9999,30.2,29.84,29.96,29.8,29.79,-9999,29.48,29.14,-9999,,
31,8am,29.35,,29.44,,29.92,,29.99,29.74,,29.37,,29.25,,
,2pm,29.19,,29.23,,29.89,,29.95,29.61,,29.32,,29.6,,
,,,,,,,,,,,,,,,
,,,,,,,,,,,,,,,
,,,,,,,,,,,,,,,
1873,,January,February,March,April,May,June,July,August,September,October,November,December,,
,,,,,,,,,,,,,,,
1,8am,29.47,29.99,29.56,29.95,30.16,30.23,30.04,30.02,29.48,29.7,28.93,30.12,,
,2pm,29.25,30.08,29.06,29.58,30.13,30.21,29.94,29.75,-9999,29.91,29.28,-9999,,
2,8am,29.05,29.75,29.56,30.13,29.92,30.3,29.86,30.1,29.84,29.81,29.06,30.38,,
,2pm,29.42,29.93,29.06,30.09,30.14,-9999,30.05,30.08,29.57,29.76,28.86,30.16,,
3,8am,29.04,30.02,29.6,30.07,29.7,30.09,29.49,30.08,30.09,29.75,29.31,30.35,,
,2pm,29.16,-9999,-9999,30.05,29.81,-9999,29.8,30.05,29.91,29.82,-9999,30.38,,
4,8am,29.43,30.37,29.62,30.08,29.73,29.92,29.45,29.88,30.23,30.04,29.22,30.42,,
,2pm,29.05,30.1,29.55,30.17,29.89,30,29.51,-9999,30.13,29.73,29.35,30.36,,
5,8am,29.38,30.07,30,29.86,29.42,29.97,29.64,29.91,30.28,29.93,29.46,30.23,,
,2pm,29.29,30.35,29.64,30,-9999,29.9,29.57,29.85,30.24,30.12,29.44,30.36,,
6,8am,29.45,30.17,29.75,29.83,29.37,30.23,29.66,29.76,30.1,29.84,29.56,30.45,,
,2pm,-9999,29.98,30.08,29.86,29.41,30.04,29.56,29.88,30.27,-9999,29.46,30.22,,
7,8am,29.59,30.39,29.38,30.06,29.55,30.39,29.77,29.94,29.75,29.68,29.86,30.27,,
,2pm,29.5,30.23,29.59,-9999,29.42,30.31,-9999,29.83,29.99,29.46,29.62,30.5,,
8,8am,29.32,30.45,29.41,30.32,29.59,30.29,29.9,29.88,29.84,29.73,30.26,30.3,,
,2pm,29.61,30.41,29.34,30.1,29.4,30.37,29.75,29.96,-9999,29.68,29.96,-9999,,
9,8am,29.21,30.46,29.37,30.46,29.9,30,29.97,29.93,29.44,29.58,30.32,30.36,,
,2pm,29.36,30.44,29.37,30.35,29.68,-9999,29.92,29.91,29.86,29.82,30.27,30.3,,
10,8am,29.24,30.54,29.2,30.46,30.05,29.45,29.73,30.02,29.43,29.35,30.29,30.47,,
,2pm,29.23,-9999,-9999,30.48,29.98,29.9,29.94,30.02,29.36,29.32,-9999,30.39,,
11,8am,29.45,30.64,29.08,30.29,30.01,29.49,29.71,29.8,29.57,29.42,30.31,30.54,,
,2pm,29.33,30.59,29.17,30.51,30.01,29.48,29.77,-9999,29.52,29.31,30.28,30.5,,
12,8am,29.66,30.42,29.54,30.11,30.2,29.56,29.57,29.88,29.65,29.64,30.24,30.54,,
,2pm,29.54,30.48,29.29,-9999,-9999,29.48,29.65,29.89,29.59,29.47,30.31,30.55,,
13,8am,29.51,30.36,29.52,29.85,30.28,29.69,29.53,29.75,29.86,29.62,29.93,30.54,,
,2pm,-9999,30.45,29.56,30.04,30.23,29.61,29.54,29.81,29.71,-9999,30.17,30.54,,
14,8am,29.66,30.36,29.86,29.77,30.24,29.76,29.51,29.96,29.52,29.8,30.11,30.35,,
,2pm,30.43,30.33,29.62,-9999,30.26,29.69,-9999,29.85,29.85,29.6,29.89,30.53,,
15,8am,29.79,30.43,30.12,29.72,30.07,29.82,29.64,29.97,29.36,29.92,30.44,29.84,,
,2pm,29.69,30.36,29.93,29.76,30.18,29.78,29.52,30,-9999,29.85,30.18,-9999,,
16,8am,29.9,30.49,30.02,29.66,30.02,29.93,30.05,29.67,29.68,29.88,30.57,29.67,,
,2pm,29.85,30.42,30.08,29.7,30.07,-9999,29.73,29.93,29.52,29.9,30.47,29.81,,
17,8am,29.7,30.51,29.97,29.67,29.79,29.98,29.76,29.95,29.4,29.97,30.54,30.01,,
,2pm,-9999,-9999,-9999,29.66,29.96,29.94,30.01,29.58,29.72,29.89,-9999,29.87,,
18,8am,29.2,30.66,30.14,29.87,29.91,29.92,29.74,29.63,29.66,29.92,30.46,30.07,,
,2pm,29.66,30.54,30,29.67,29.81,29.93,29.67,-9999,29.44,29.99,30.53,29.99,,
19,8am,28.46,30.64,-9999,30.17,30.08,29.74,30.01,29.71,29.96,30.21,30.24,29.84,,
,2pm,28.95,30.65,30.15,29.95,-9999,29.93,29.91,29.59,29.68,29.97,30.42,30.08,,
20,8am,28.29,30.58,-9999,30.29,30.07,30.02,29.92,29.6,29.7,29.82,30.11,29.73,,
,2pm,-9999,30.61,-9999,30.18,30.15,29.77,29.92,29.75,29.9,-9999,30.16,29.79,,
21,8am,28.89,30.31,30.28,30.37,29.9,30.12,30.01,29.65,30.36,29.59,29.8,29.8,,
,2pm,28.4,30.56,30.24,-9999,29.96,29.97,-9999,29.54,29.81,29.94,30.12,29.7,,
22,8am,28.84,29.95,30.07,30.13,29.78,29.83,29.92,29.74,30.55,28.98,29.5,29.76,,
,2pm,28.99,30.19,30.23,30.31,29.93,30.11,30.01,29.67,-9999,29.41,29.51,-9999,,
23,8am,29.38,29.81,30.08,30.19,29.55,29.99,29.95,29.78,30.45,28.87,29.59,29.87,,
,2pm,29,29.96,30.07,30.11,29.91,-9999,29.93,29.75,30.53,28.89,29.62,29.85,,
24,8am,29.64,29.87,30.11,30.11,30.06,29.74,29.86,29.94,30.36,29.2,29.69,30.19,,
,2pm,29.35,-9999,-9999,30.17,29.76,30.01,29.96,29.82,30.41,28.88,-9999,29.77,,
25,8am,29.72,29.39,30.13,30.28,30.23,29.92,29.82,29.96,30.17,29.64,30.03,30.08,,
,2pm,29.75,29.85,30.15,30.12,30.15,29.73,29.76,-9999,30.28,29.33,29.81,30.18,,
26,8am,29.47,28.8,30.12,30.37,29.83,30.02,29.82,29.74,30.08,30,29.45,29.88,,
,2pm,29.59,29.18,30.08,30.32,-9999,30.12,29.83,29.94,30.13,29.68,29.99,-9999,,
27,8am,29.86,29.52,29.99,30.23,29.78,29.91,29.84,29.56,29.69,30.4,29.25,29.87,,
,2pm,-9999,28.92,30.08,30.34,29.73,29.95,29.82,29.67,30,-9999,29.15,29.85,,
28,8am,29.77,29.79,29.87,30.24,30.28,29.83,29.94,29.36,30.01,30.41,29.75,30.12,,
,2pm,29.9,29.6,29.94,-9999,29.94,29.86,-9999,29.57,29.67,30.44,29.45,29.89,,
29,8am,30.02,29.1,29.94,30.26,30.43,29.92,29.87,29.51,30.22,30.1,29.39,29.66,,
,2pm,29.74,29.76,29.87,30.16,30.34,29.96,29.95,29.37,-9999,30.3,29.75,-9999,,
30,8am,30.06,,29.9,30.16,30.29,29.94,29.76,29.71,29.99,29.79,29.97,29.34,9am,
,2pm,30.07,,29.94,30.27,30.4,-9999,29.85,29.56,30.16,30.04,29.15,29.55,,
31,8am,30.15,,29.62,,30.21,,29.7,29.74,,29.44,,29.16,,
,2pm,30.08,,-9999,,30.25,,29.76,29.76,,29.77,,29.23,,
,,,,,,,,,,,,,,,
,,,,,,,,,,,,,,,
,,,,,,,,,,,,,,,
1874,,January,February,March,April,May,June,July,August,September,October,November,December,,
,,,,,,,,,,,,,,,
1,8am,29.88,30.48,29.66,29.73,30.04,29.85,29.75,29.84,29.18,29.52,30.28,29.57,,
,2pm,29.33,30.52,29.71,29.55,30,-9999,29.68,29.74,29.51,29.54,30.4,29.03,,
2,8am,29.49,30.18,30.27,29.16,30.21,29.76,29.51,29.55,29.42,28.93,30.04,30.01,,
,2pm,29.7,-9999,-9999,29.75,30.08,29.17,29.69,29.84,29.37,29.49,-9999,-9999,,
3,8am,29.34,30.35,30.39,29,29.96,30.1,29.49,29.86,29.6,29.1,29.88,29.95,,
,2pm,29.49,30.23,30.33,28.8,30.19,29.8,29.47,-9999,29.51,28.95,29.94,-9999,,
4,8am,29.44,30.55,30.41,29.06,30,30.25,29.63,29.7,29.68,29.39,29.9,29.82,9am,
,2pm,29.26,30.45,30.4,-9999,-9999,30.2,29.53,29.92,29.63,29.24,29.83,-9999,,
5,8am,29.92,30.51,30.45,29.26,30.11,30.35,30.07,29.54,29.93,29.81,29.93,29.53,,
,2pm,-9999,30.53,30.4,29.08,30.04,30.28,29.72,29.83,29.77,-9999,29.88,29.66,,
6,8am,30.04,30.42,30.88,29.7,29.89,30.17,30.23,29.82,29.89,29.29,30.17,29.32,,
,2pm,29.97,30.5,30.5,-9999,30.07,30.29,-9999,29.42,29.92,29.85,29.98,29.51,,
7,8am,29.83,30.26,30.66,29.83,29.81,30.2,30.09,29.4,29.9,29.14,30.27,29.74,,
,2pm,30.07,30.36,30.88,29.87,29.85,30.21,30.21,29.86,-9999,29.18,30.17,-9999,,
8,8am,29.43,30.28,29.94,29.73,29.82,30.17,29.95,29.45,29.82,29.81,30.32,29.31,,
,2pm,29.65,30.2,30.51,29.68,29.81,-9999,30.03,29.47,29.88,29.38,30.3,29.86,,
9,8am,29.56,30.36,29.73,29.33,29.79,30.1,30.01,29.7,29.37,29.5,30.22,29.43,,
,2pm,29.35,-9999,-9999,29.7,29.3,30.19,29.98,29.5,29.7,29.7,-9999,28.88,,
10,8am,30.02,30.36,29.9,29.27,29.97,30.15,30.22,29.33,29.15,29.71,30.21,29.74,,
,2pm,29.67,30.34,29.82,29.34,29.82,30.03,30.1,-9999,29.25,29.63,30.11,29.56,,
11,8am,29.85,30.07,30.18,29.22,30.1,30,30.15,29.49,29.42,29.82,30.24,28.6,9am,
,2pm,30.07,30.36,29.97,29.25,-9999,30.23,30.21,29.82,29.26,29.8,30.28,29.63,,
12,8am,29.77,29.93,30.15,29.63,30.3,30.48,30.09,29.54,29.69,29.91,30.25,29.3,,
,2pm,-9999,29.99,30.24,29.29,30.15,30.15,30.13,29.55,29.37,-9999,30.18,28.57,,
13,8am,29.92,29.55,30.39,28.95,30.35,30.53,30.02,29.43,30.22,29.94,30.06,29.78,,
,2pm,29.86,29.99,30.18,-9999,30.31,30.51,-9999,29.58,29.85,29.87,30.24,29.43,,
14,8am,29.74,29.19,30.41,30.02,30.38,30.53,29.94,29.5,30.09,29.69,30.22,30.17,,
,2pm,29.78,29.55,30.44,29.1,30.32,30.51,29.93,29.39,-9999,29.98,30.13,-9999,,
15,8am,29.47,29.09,30.27,30.11,30.31,30.67,30.13,29.7,29.76,29.19,29.92,30.05,,
,2pm,29.76,29.18,-9999,30.13,30.32,-9999,29.96,29.64,29.99,29.53,30.16,30.2,,
16,8am,29.26,29.42,30.07,29.99,30.32,30.57,30.17,29.84,30.07,29.62,29.72,29.85,,
,2pm,29.41,-9999,-9999,30.07,30.34,30.66,30.16,29.74,29.9,29.22,-9999,29.75,,
17,8am,29.41,29.18,29.93,29.98,30.31,30.41,30.13,30.05,29.93,29.35,29.81,30.41,,
,2pm,29.19,29.38,29.99,29.93,30.32,30.51,30.13,-9999,30.03,29.67,29.54,30.1,,
18,8am,29.15,29.56,29.97,29.93,30.3,30.43,30.17,30.07,29.78,29.57,29.7,30.11,,
,2pm,29.59,29.24,29.96,30.01,-9999,30.39,30.15,30.1,29.81,29.4,29.89,30.4,,
19,8am,29.43,30.03,29.5,30,30.34,30.39,30.03,30.29,29.72,29.63,29.63,30.02,,
,2pm,-9999,29.7,30.07,29.97,30.3,30.42,30.14,30.17,29.89,-9999,29.75,29.98,,
20,8am,29.13,29.95,30.02,29.94,30.33,30.28,29.93,30.43,29.65,29.92,30.01,29.78,,
,2pm,29.56,30.07,29.65,-9999,30.33,30.35,-9999,30.29,29.69,29.82,29.65,29.99,,
21,8am,29.82,29.73,29.82,29.79,30.1,30,29.6,30.51,29.62,29.36,30.05,29.65,,
,2pm,29.19,29.88,30.07,29.88,30.26,30.22,29.87,30.46,-9999,29.87,30.04,-9999,,
22,8am,30.16,29.86,29.84,30.08,29.78,29.94,29.77,30.46,29.23,29.71,29.91,29.76,9am,
,2pm,29.87,29.79,29.75,29.78,30.01,-9999,29.7,30.5,29.52,29.54,30.04,29.62,,
23,8am,30.02,29.83,30.2,30.01,29.63,29.68,29.74,30.4,29.68,29.98,30.01,29.88,,
,2pm,30.13,-9999,-9999,30.15,29.72,29.92,29.76,30.44,29.33,29.76,-9999,29.82,,
24,8am,30.14,29.79,30.29,29.98,29.64,29.65,29.83,30.23,30.05,29.83,29.97,29.56,,
,2pm,30.05,29.85,30.12,29.98,29.6,29.65,29.76,-9999,29.86,30.02,30.05,29.74,,
25,8am,30.36,29.47,30.37,30.03,29.84,29.75,29.91,30.14,30.07,29.5,29.57,29.77,9am,
,2pm,30.26,29.79,30.41,30,-9999,29.67,29.91,30.19,29.86,29.72,29.89,29.61,,
26,8am,30.26,28.63,30.15,30.09,30.02,29.71,29.53,30.03,30.08,29.96,29.66,29.94,,
,2pm,-9999,29.33,30.43,30.06,29.91,29.73,29.8,30.14,30.06,-9999,29.56,-9999,,
27,8am,30.51,28.79,29.68,30.1,30.01,29.71,29.53,29.62,29.9,29.88,29.48,30.23,,
,2pm,30.27,28.65,30.09,-9999,30.01,29.7,-9999,29.94,30.16,29.88,29.6,29.99,,
28,8am,30.58,29.75,29.7,30.16,29.34,29.78,29.56,29.74,29.5,30.19,29.41,30.26,,
,2pm,30.55,28.95,29.48,30.09,29.89,29.7,29.54,29.67,-9999,29.96,29.48,-9999,,
29,8am,30.26,,29.33,30.27,29.87,29.86,29.73,29.56,29.36,30.23,28.79,30.09,9am,
,2pm,30.53,,29.54,30.13,29.87,-9999,29.59,29.68,29.38,30.19,29.3,30.24,,
30,8am,30.41,,29.55,30.05,29.59,29.78,29.86,29.62,29.49,30.43,28.89,30.31,,
,2pm,30.15,,-9999,30.22,29.77,29.85,29.74,29.58,29.27,30.24,-9999,30.14,,
31,8am,30.54,,29.5,,29.64,,29.84,29.45,,30.45,,30.21,,
,2pm,30.51,,29.72,,29.6,,29.87,-9999,,30.45,,30.32,,
,,,,,,,,,,,,,,,
,,,,,,,,,,,,,,,
,,,,,,,,,,,,,,,
1875,,January,February,March,April,May,June,July,August,September,October,November,December,,
,,,,,,,,,,,,,,,
1,8am,29.66,30.1,30.03,30.61,29.94,30.11,29.83,30.29,30.16,29.84,29.85,30.11,,
,2pm,30.1,-9999,-9999,30.61,29.97,30.08,29.84,30.31,30.17,29.97,-9999,30.14,,
2,8am,29.38,30.17,30.14,30.53,29.87,30.28,29.65,30.2,30.11,29.59,29.69,30.18,,
,2pm,29.43,30.1,30.06,30.58,29.88,30.29,29.67,-9999,30.16,29.66,29.75,30.18,,
3,8am,29.52,29.99,30.03,30.15,29.78,30.19,29.84,30.2,29.86,29.65,29.47,30.06,,
,2pm,29.6,30.15,30.1,30.26,-9999,30.25,29.74,30.22,29.83,29.63,29.45,30.01,,
4,8am,29.5,30.06,30.05,29.43,29.83,29.95,30.38,30.24,29.93,29.42,29.54,29.94,,
,2pm,-9999,30,30.04,29.43,29.79,30.01,30.23,30.23,29.9,-9999,29.47,29.93,,
5,8am,29.64,30.24,29.89,29.46,30.02,29.96,30.39,30.23,30.02,29.59,29.79,30.12,,
,2pm,29.43,30.12,30.01,-9999,30.01,29.94,-9999,30.25,29.99,29.58,29.71,30.06,,
6,8am,29.54,30.16,29.45,29.08,29.83,29.76,30.49,30.25,30.24,29.79,29.49,30.24,,
,2pm,29.64,30.24,29.8,29.07,29.92,29.89,30.49,30.28,-9999,29.73,29.52,-9999,,
7,8am,29.86,30.03,29.38,29.15,29.42,29.88,30.44,30.19,30.12,30.16,29.29,30.45,,
,2pm,29.56,30.13,29.4,29.16,29.43,-9999,30.47,30.23,30.17,30.24,29.16,30.45,,
8,8am,29.96,30.2,29.81,29.56,29.49,29.92,30.3,30.15,29.77,30.13,29.36,30.49,,
,2pm,29.92,-9999,-9999,29.42,29.47,29.8,30.36,30.18,29.9,30.18,-9999,30.54,,
9,8am,29.69,29.94,29.81,30.11,29.48,30.13,30.01,30.06,29.88,29.69,29.49,30.54,,
,2pm,29.88,30.21,29.81,30.06,29.48,30.07,30.09,-9999,29.91,29.68,29.51,30.56,,
10,8am,29.64,30.06,30.37,30.29,29.67,29.42,29.45,29.71,29.8,29.85,29.25,30.49,,
,2pm,29.57,29.91,30.11,30.29,-9999,29.48,29.46,29.79,29.81,29.83,29.3,30.5,,
11,8am,29.73,29.81,30.22,30.38,30.17,29.43,29.49,29.64,30,29.2,29.16,30.37,,
,2pm,-9999,30.04,30.29,30.43,30.15,29.43,29.55,29.65,29.96,-9999,-9999,30.42,,
12,8am,29.65,29.77,30.17,30.28,30.1,29.47,29.74,29.83,30.27,29.2,29.39,30.27,,
,2pm,29.69,29.66,30.17,-9999,30.1,29.47,-9999,29.81,30.28,29.16,29.3,30.17,,
13,8am,29.71,29.8,30.12,30.31,30.2,29.55,30.16,29.76,30.38,29.31,29.95,30.07,,
,2pm,29.75,29.78,30.12,30.33,30.2,29.49,30.17,29.8,-9999,29.32,29.95,-9999,,
14,8am,29.69,29.78,30.2,30.31,30.26,29.41,30.03,29.84,30.36,29.39,29.35,30.03,,
,2pm,29.71,29.75,30.14,30.33,30.26,-9999,30.08,29.84,30.39,29.33,29.51,30.02,,
15,8am,29.36,30.23,30.25,30.3,30.11,29.02,29.89,29.96,30.37,29.68,29.88,29.95,,
,2pm,29.81,-9999,-9999,30.31,30.15,29.08,29.9,29.97,30.41,29.6,-9999,29.94,,
16,8am,29.37,30.51,30.23,30.28,30.3,29.07,30.05,30.01,30.31,29.77,30.02,29.98,,
,2pm,29.24,30.35,30.23,30.32,30.27,29.06,30.06,-9999,30.34,29.76,30.1,29.97,,
17,8am,29.55,30.53,30.52,30.18,30.25,29.54,30.08,29.79,30.19,29.68,29.58,29.98,,
,2pm,29.41,30.54,30.22,30.22,-9999,29.43,30.12,29.79,30.24,29.69,29.56,29.95,,
18,8am,29.36,30.43,30.61,30.1,29.85,29.97,30.01,29.73,30.12,29.76,29.63,29.56,,
,2pm,-9999,30.49,30.64,30.13,29.93,29.94,30.04,29.8,30.14,-9999,29.59,29.64,,
19,8am,29.33,30.33,30.29,30,29.47,30.05,-9999,30.06,30.15,29.77,29.76,29.64,,
,2pm,29.44,30.37,30.48,-9999,29.48,30.06,-9999,30.04,30.19,29.78,29.35,29.58,,
20,8am,29.28,30.37,30.26,30.04,29.54,29.87,29.92,30.21,30,29.7,30.14,29.32,,
,2pm,29.32,30.34,30.25,30.06,29.53,29.85,29.91,30.21,-9999,29.69,29.99,-9999,,
21,8am,29.43,30.41,30.2,29.93,29.44,29.8,30.01,30.19,29.89,29.5,30.33,29.17,,
,2pm,29.19,30.35,30.24,29.99,29.39,-9999,29.99,30.22,29.91,29.54,30.32,29.16,,
22,8am,29.88,30.39,30.23,29.95,29.15,29.91,29.99,30.25,29.8,29.35,30.33,29.12,,
,2pm,29.43,-9999,-9999,29.93,29.17,29.86,30.04,30.24,29.85,29.32,-9999,29.35,,
23,8am,29.39,30.04,30.33,29.98,29.53,29.98,29.75,30.04,30.01,29.41,30.4,29.32,,
,2pm,29.91,30.31,30.25,30,29.48,29.96,29.8,-9999,29.94,29.35,30.4,29.12,,
24,8am,28.76,29.75,30.25,30.09,30.07,30.16,29.63,29.8,29.97,29.74,30.37,29.75,,
,2pm,29.4,29.95,30.35,30.08,-9999,30.13,29.62,29.88,30.03,29.65,30.37,29.68,,
25,8am,29.16,29.68,30.05,30.22,30.11,30.07,29.72,29.84,29.7,30.01,30.27,29.74,,
,2pm,-9999,29.71,30.21,30.21,30.09,30.1,29.71,29.85,29.79,-9999,30.33,29.66,,
26,8am,29.95,29.69,29.97,30.16,30.34,29.8,30.05,29.57,29.78,29.89,30.21,30.23,,
,2pm,29.39,29.67,29.96,-9999,30.33,29.81,-9999,29.54,29.75,29.93,30.21,-9999,,
27,8am,29.8,29.78,29.96,29.9,30.43,-9999,30.23,29.84,29.27,29.73,30.13,30.17,,
,2pm,29.84,29.67,-9999,29.94,30.42,29.9,30.22,29.74,-9999,29.76,30.07,-9999,,
28,8am,29.78,30.01,30.36,29.97,30.19,29.65,30.31,30.1,29.54,29.84,30.25,30.2,,
,2pm,29.7,29.86,30.06,29.95,30.28,-9999,30.33,30.02,29.52,29.77,30.31,30.09,,
29,8am,30.18,,30.48,30.03,30,29.93,30.32,29.99,29.66,30.04,30.35,30.29,,
,2pm,29.88,,-9999,30.04,30.28,29.95,30.33,30.05,29.62,30,-9999,30.31,,
30,8am,30.43,,30.54,30.07,30.07,29.93,30.08,29.94,29.8,29.98,30.23,30.11,,
,2pm,30.18,,30.46,30.07,30.1,29.94,30.17,-9999,29.78,29.99,30.23,30.13,,
31,8am,30.26,,30.62,,29.99,,30.36,29.84,,29.88,,29.93,,
,2pm,30.41,,30.57,,-9999,,30.37,29.83,,29.86,,29.96,,
